<?xml version="1.0" encoding="ISO-8859-1"?>
<gfc:FC_FeatureCatalogue xmlns:gfc="http://www.isotc211.org/2005/gfc">
   <gmx:name xmlns:gmx="http://www.isotc211.org/2005/gmx">
      <gco:CharacterString xmlns:gco="http://www.isotc211.org/2005/gco">Feature Catalog for the  Current State Legislative District (SLD) Lower Chamber  State-based</gco:CharacterString>
   </gmx:name>
   <gmx:scope xmlns:gmx="http://www.isotc211.org/2005/gmx">
      <gco:CharacterString xmlns:gco="http://www.isotc211.org/2005/gco">The Current State Legislative District (SLD) Lower Chamber  State-based contains attributes for the areas from which members are elected to the lower (house) chambers of State legislatures.</gco:CharacterString>
   </gmx:scope>
   <gmx:versionNumber xmlns:gmx="http://www.isotc211.org/2005/gmx">
      <gco:CharacterString xmlns:gco="http://www.isotc211.org/2005/gco">2014</gco:CharacterString>
   </gmx:versionNumber>
   <gmx:versionDate xmlns:gmx="http://www.isotc211.org/2005/gmx">
      <gco:Date xmlns:gco="http://www.isotc211.org/2005/gco">2014-06-01</gco:Date>
   </gmx:versionDate>
   <gmx:language xmlns:gmx="http://www.isotc211.org/2005/gmx">
      <gco:CharacterString xmlns:gco="http://www.isotc211.org/2005/gco">eng</gco:CharacterString>
   </gmx:language>
   <gmx:characterSet xmlns:gmx="http://www.isotc211.org/2005/gmx">
      <gmd:MD_CharacterSetCode xmlns:gmd="http://www.isotc211.org/2005/gmd"
                               codeList="http://www.isotc211.org/2005/resources/Codelist/gmxCodelists.xml#MD_CharacterSetCode"
                               codeListValue="utf8"
                               codeSpace="004">utf8
            </gmd:MD_CharacterSetCode>
   </gmx:characterSet>
   <gfc:producer xmlns:xlink="http://www.w3.org/1999/xlink"
                 xlink:href="https://www.ngdc.noaa.gov/docucomp/c5ceb003-1ed6-4126-8a16-bc08ce8fc267"
                 xlink:title="U.S. Department of Commerce, U.S. Census Bureau, Geography Division, Geographic Products Branch"/>
   <gfc:featureType>
      <gfc:FC_FeatureType>
         <gfc:typeName>
            <gco:LocalName xmlns:gco="http://www.isotc211.org/2005/gco">SLDL.shp</gco:LocalName>
         </gfc:typeName>
         <gfc:definition>
            <gco:CharacterString xmlns:gco="http://www.isotc211.org/2005/gco">Current State Legislative District (SLD) (Lower chamber) State-based</gco:CharacterString>
         </gfc:definition>
         <gfc:isAbstract>
            <gco:Boolean xmlns:gco="http://www.isotc211.org/2005/gco">false</gco:Boolean>
         </gfc:isAbstract>
         <gfc:featureCatalogue uuidref="2014_sldl.ea.iso.xml"/>
         <gfc:carrierOfCharacteristics>
            <gfc:FC_FeatureAttribute>
               <gfc:memberName>
                  <gco:LocalName xmlns:gco="http://www.isotc211.org/2005/gco">STATEFP</gco:LocalName>
               </gfc:memberName>
               <gfc:definition>
                  <gco:CharacterString xmlns:gco="http://www.isotc211.org/2005/gco">Current state Federal Information Processing Series (FIPS) code</gco:CharacterString>
               </gfc:definition>
               <gfc:cardinality xmlns:gco="http://www.isotc211.org/2005/gco" gco:nilReason="unknown"/>
               <gfc:definitionReference xmlns:xlink="http://www.w3.org/1999/xlink" xlink:title="U.S. Census Bureau"
                                        xlink:href="http://www.ngdc.noaa.gov/docucomp/eb139e38-ee29-4d59-b157-5e874d4420c4"/>
               <gfc:listedValue>
                  <gfc:FC_ListedValue>
                     <gfc:label>
                        <gco:CharacterString xmlns:gco="http://www.isotc211.org/2005/gco">National Standard Codes (ANSI INCITS 38-2009), Federal Information Processing Series (FIPS) - States/State Equivalents</gco:CharacterString>
                     </gfc:label>
                     <gfc:definitionReference xmlns:xlink="http://www.w3.org/1999/xlink" xlink:title="U.S. Census Bureau"
                                              xlink:href="http://www.ngdc.noaa.gov/docucomp/eb139e38-ee29-4d59-b157-5e874d4420c4"/>
                  </gfc:FC_ListedValue>
               </gfc:listedValue>
            </gfc:FC_FeatureAttribute>
         </gfc:carrierOfCharacteristics>
         <gfc:carrierOfCharacteristics>
            <gfc:FC_FeatureAttribute>
               <gfc:memberName>
                  <gco:LocalName xmlns:gco="http://www.isotc211.org/2005/gco">SLDLST</gco:LocalName>
               </gfc:memberName>
               <gfc:definition>
                  <gco:CharacterString xmlns:gco="http://www.isotc211.org/2005/gco">Current state legislative district (lower chamber) code</gco:CharacterString>
               </gfc:definition>
               <gfc:cardinality xmlns:gco="http://www.isotc211.org/2005/gco" gco:nilReason="unknown"/>
               <gfc:definitionReference xmlns:xlink="http://www.w3.org/1999/xlink" xlink:title="U.S. Census Bureau"
                                        xlink:href="http://www.ngdc.noaa.gov/docucomp/eb139e38-ee29-4d59-b157-5e874d4420c4"/>
               <gfc:listedValue>
                  <gfc:FC_ListedValue>
                     <gfc:label xmlns:gco="http://www.isotc211.org/2005/gco" gco:nilReason="inapplicable"/>
                     <gfc:definition>
                        <gco:CharacterString xmlns:gco="http://www.isotc211.org/2005/gco">Any ASCII alphabetic or numeric character combination plus hyphens from one to three characters. A code of ZZZ represents a State legislative district (lower chamber) that has not been defined.</gco:CharacterString>
                     </gfc:definition>
                  </gfc:FC_ListedValue>
               </gfc:listedValue>
            </gfc:FC_FeatureAttribute>
         </gfc:carrierOfCharacteristics>
         <gfc:carrierOfCharacteristics>
            <gfc:FC_FeatureAttribute>
               <gfc:memberName>
                  <gco:LocalName xmlns:gco="http://www.isotc211.org/2005/gco">GEOID</gco:LocalName>
               </gfc:memberName>
               <gfc:definition>
                  <gco:CharacterString xmlns:gco="http://www.isotc211.org/2005/gco">State legislative district lower chamber identifier; a concatenation of Current state FIPS code and state legislative district lower chamber code</gco:CharacterString>
               </gfc:definition>
               <gfc:cardinality xmlns:gco="http://www.isotc211.org/2005/gco" gco:nilReason="unknown"/>
               <gfc:definitionReference xmlns:xlink="http://www.w3.org/1999/xlink" xlink:title="U.S. Census Bureau"
                                        xlink:href="http://www.ngdc.noaa.gov/docucomp/eb139e38-ee29-4d59-b157-5e874d4420c4"/>
               <gfc:listedValue>
                  <gfc:FC_ListedValue>
                     <gfc:label xmlns:gco="http://www.isotc211.org/2005/gco" gco:nilReason="inapplicable"/>
                     <gfc:definition>
                        <gco:CharacterString xmlns:gco="http://www.isotc211.org/2005/gco">The GEOID attribute is a concatenation of the state FIPS code followed by the state legislative district lower chamber code. No spaces are allowed between the two codes. The State FIPS code is taken from "National Standard Codes (ANSI INCITS 38-2009), Federal Information Processing Series(FIPS) - States". The state legislative district lower chamber code is taken from the "SLDLST" attribute.</gco:CharacterString>
                     </gfc:definition>
                  </gfc:FC_ListedValue>
               </gfc:listedValue>
            </gfc:FC_FeatureAttribute>
         </gfc:carrierOfCharacteristics>
         <gfc:carrierOfCharacteristics>
            <gfc:FC_FeatureAttribute>
               <gfc:memberName>
                  <gco:LocalName xmlns:gco="http://www.isotc211.org/2005/gco">NAMELSAD</gco:LocalName>
               </gfc:memberName>
               <gfc:definition>
                  <gco:CharacterString xmlns:gco="http://www.isotc211.org/2005/gco">Current name and the translated legal/statistical area description for state legislative district (lower chamber)</gco:CharacterString>
               </gfc:definition>
               <gfc:cardinality xmlns:gco="http://www.isotc211.org/2005/gco" gco:nilReason="unknown"/>
               <gfc:definitionReference xmlns:xlink="http://www.w3.org/1999/xlink" xlink:title="U.S. Census Bureau"
                                        xlink:href="http://www.ngdc.noaa.gov/docucomp/eb139e38-ee29-4d59-b157-5e874d4420c4"/>
               <gfc:listedValue>
                  <gfc:FC_ListedValue>
                     <gfc:label xmlns:gco="http://www.isotc211.org/2005/gco" gco:nilReason="inapplicable"/>
                     <gfc:definition>
                        <gco:CharacterString xmlns:gco="http://www.isotc211.org/2005/gco">Values for this attribute are composed of a set of name codes. As such, they do not exist in a known, predefined set. For the current name and the translated legal/statistical area description code, refer to the "LSAD" attribute.</gco:CharacterString>
                     </gfc:definition>
                  </gfc:FC_ListedValue>
               </gfc:listedValue>
            </gfc:FC_FeatureAttribute>
         </gfc:carrierOfCharacteristics>
         <gfc:carrierOfCharacteristics>
            <gfc:FC_FeatureAttribute>
               <gfc:memberName>
                  <gco:LocalName xmlns:gco="http://www.isotc211.org/2005/gco">LSAD</gco:LocalName>
               </gfc:memberName>
               <gfc:definition>
                  <gco:CharacterString xmlns:gco="http://www.isotc211.org/2005/gco">Current legal/statistical area description code for state legislative district (lower chamber)</gco:CharacterString>
               </gfc:definition>
               <gfc:cardinality xmlns:gco="http://www.isotc211.org/2005/gco" gco:nilReason="unknown"/>
               <gfc:definitionReference xmlns:xlink="http://www.w3.org/1999/xlink" xlink:title="U.S. Census Bureau"
                                        xlink:href="http://www.ngdc.noaa.gov/docucomp/eb139e38-ee29-4d59-b157-5e874d4420c4"/>
               <gfc:listedValue>
                  <gfc:FC_ListedValue>
                     <gfc:label>
                        <gco:CharacterString xmlns:gco="http://www.isotc211.org/2005/gco">00</gco:CharacterString>
                     </gfc:label>
                     <gfc:definition>
                        <gco:CharacterString xmlns:gco="http://www.isotc211.org/2005/gco">Blank</gco:CharacterString>
                     </gfc:definition>
                     <gfc:definitionReference xmlns:xlink="http://www.w3.org/1999/xlink" xlink:title="U.S. Census Bureau"
                                              xlink:href="http://www.ngdc.noaa.gov/docucomp/eb139e38-ee29-4d59-b157-5e874d4420c4"/>
                  </gfc:FC_ListedValue>
               </gfc:listedValue>
               <gfc:listedValue>
                  <gfc:FC_ListedValue>
                     <gfc:label>
                        <gco:CharacterString xmlns:gco="http://www.isotc211.org/2005/gco">07</gco:CharacterString>
                     </gfc:label>
                     <gfc:definition>
                        <gco:CharacterString xmlns:gco="http://www.isotc211.org/2005/gco">District (suffix)</gco:CharacterString>
                     </gfc:definition>
                     <gfc:definitionReference xmlns:xlink="http://www.w3.org/1999/xlink" xlink:title="U.S. Census Bureau"
                                              xlink:href="http://www.ngdc.noaa.gov/docucomp/eb139e38-ee29-4d59-b157-5e874d4420c4"/>
                  </gfc:FC_ListedValue>
               </gfc:listedValue>
               <gfc:listedValue>
                  <gfc:FC_ListedValue>
                     <gfc:label>
                        <gco:CharacterString xmlns:gco="http://www.isotc211.org/2005/gco">L3</gco:CharacterString>
                     </gfc:label>
                     <gfc:definition>
                        <gco:CharacterString xmlns:gco="http://www.isotc211.org/2005/gco">Assembly District (prefix)</gco:CharacterString>
                     </gfc:definition>
                     <gfc:definitionReference xmlns:xlink="http://www.w3.org/1999/xlink" xlink:title="U.S. Census Bureau"
                                              xlink:href="http://www.ngdc.noaa.gov/docucomp/eb139e38-ee29-4d59-b157-5e874d4420c4"/>
                  </gfc:FC_ListedValue>
               </gfc:listedValue>
               <gfc:listedValue>
                  <gfc:FC_ListedValue>
                     <gfc:label>
                        <gco:CharacterString xmlns:gco="http://www.isotc211.org/2005/gco">L4</gco:CharacterString>
                     </gfc:label>
                     <gfc:definition>
                        <gco:CharacterString xmlns:gco="http://www.isotc211.org/2005/gco">General Assembly District (prefix)</gco:CharacterString>
                     </gfc:definition>
                     <gfc:definitionReference xmlns:xlink="http://www.w3.org/1999/xlink" xlink:title="U.S. Census Bureau"
                                              xlink:href="http://www.ngdc.noaa.gov/docucomp/eb139e38-ee29-4d59-b157-5e874d4420c4"/>
                  </gfc:FC_ListedValue>
               </gfc:listedValue>
               <gfc:listedValue>
                  <gfc:FC_ListedValue>
                     <gfc:label>
                        <gco:CharacterString xmlns:gco="http://www.isotc211.org/2005/gco">L5</gco:CharacterString>
                     </gfc:label>
                     <gfc:definition>
                        <gco:CharacterString xmlns:gco="http://www.isotc211.org/2005/gco">State Legislative District (prefix)</gco:CharacterString>
                     </gfc:definition>
                     <gfc:definitionReference xmlns:xlink="http://www.w3.org/1999/xlink" xlink:title="U.S. Census Bureau"
                                              xlink:href="http://www.ngdc.noaa.gov/docucomp/eb139e38-ee29-4d59-b157-5e874d4420c4"/>
                  </gfc:FC_ListedValue>
               </gfc:listedValue>
               <gfc:listedValue>
                  <gfc:FC_ListedValue>
                     <gfc:label>
                        <gco:CharacterString xmlns:gco="http://www.isotc211.org/2005/gco">L6</gco:CharacterString>
                     </gfc:label>
                     <gfc:definition>
                        <gco:CharacterString xmlns:gco="http://www.isotc211.org/2005/gco">State Legislative Subdistrict (prefix)</gco:CharacterString>
                     </gfc:definition>
                     <gfc:definitionReference xmlns:xlink="http://www.w3.org/1999/xlink" xlink:title="U.S. Census Bureau"
                                              xlink:href="http://www.ngdc.noaa.gov/docucomp/eb139e38-ee29-4d59-b157-5e874d4420c4"/>
                  </gfc:FC_ListedValue>
               </gfc:listedValue>
               <gfc:listedValue>
                  <gfc:FC_ListedValue>
                     <gfc:label>
                        <gco:CharacterString xmlns:gco="http://www.isotc211.org/2005/gco">L9</gco:CharacterString>
                     </gfc:label>
                     <gfc:definition>
                        <gco:CharacterString xmlns:gco="http://www.isotc211.org/2005/gco">State House District (suffix)</gco:CharacterString>
                     </gfc:definition>
                     <gfc:definitionReference xmlns:xlink="http://www.w3.org/1999/xlink" xlink:title="U.S. Census Bureau"
                                              xlink:href="http://www.ngdc.noaa.gov/docucomp/eb139e38-ee29-4d59-b157-5e874d4420c4"/>
                  </gfc:FC_ListedValue>
               </gfc:listedValue>
               <gfc:listedValue>
                  <gfc:FC_ListedValue>
                     <gfc:label>
                        <gco:CharacterString xmlns:gco="http://www.isotc211.org/2005/gco">LL</gco:CharacterString>
                     </gfc:label>
                     <gfc:definition>
                        <gco:CharacterString xmlns:gco="http://www.isotc211.org/2005/gco">State House District (prefix)</gco:CharacterString>
                     </gfc:definition>
                     <gfc:definitionReference xmlns:xlink="http://www.w3.org/1999/xlink" xlink:title="U.S. Census Bureau"
                                              xlink:href="http://www.ngdc.noaa.gov/docucomp/eb139e38-ee29-4d59-b157-5e874d4420c4"/>
                  </gfc:FC_ListedValue>
               </gfc:listedValue>
            </gfc:FC_FeatureAttribute>
         </gfc:carrierOfCharacteristics>
         <gfc:carrierOfCharacteristics>
            <gfc:FC_FeatureAttribute>
               <gfc:memberName>
                  <gco:LocalName xmlns:gco="http://www.isotc211.org/2005/gco">LSY</gco:LocalName>
               </gfc:memberName>
               <gfc:definition>
                  <gco:CharacterString xmlns:gco="http://www.isotc211.org/2005/gco">Legislative session year</gco:CharacterString>
               </gfc:definition>
               <gfc:cardinality xmlns:gco="http://www.isotc211.org/2005/gco" gco:nilReason="unknown"/>
               <gfc:definitionReference xmlns:xlink="http://www.w3.org/1999/xlink" xlink:title="U.S. Census Bureau"
                                        xlink:href="http://www.ngdc.noaa.gov/docucomp/eb139e38-ee29-4d59-b157-5e874d4420c4"/>
               <gfc:listedValue>
                  <gfc:FC_ListedValue>
                     <gfc:label xmlns:gco="http://www.isotc211.org/2005/gco" gco:nilReason="inapplicable"/>
                     <gfc:definition>
                        <gco:CharacterString xmlns:gco="http://www.isotc211.org/2005/gco">
                                            Range Domain Minimum: 2000
                                            Range Domain Maximum: 2999</gco:CharacterString>
                     </gfc:definition>
                  </gfc:FC_ListedValue>
               </gfc:listedValue>
            </gfc:FC_FeatureAttribute>
         </gfc:carrierOfCharacteristics>
         <gfc:carrierOfCharacteristics>
            <gfc:FC_FeatureAttribute>
               <gfc:memberName>
                  <gco:LocalName xmlns:gco="http://www.isotc211.org/2005/gco">MTFCC</gco:LocalName>
               </gfc:memberName>
               <gfc:definition>
                  <gco:CharacterString xmlns:gco="http://www.isotc211.org/2005/gco">MAF/TIGER feature class code</gco:CharacterString>
               </gfc:definition>
               <gfc:cardinality xmlns:gco="http://www.isotc211.org/2005/gco" gco:nilReason="unknown"/>
               <gfc:definitionReference xmlns:xlink="http://www.w3.org/1999/xlink" xlink:title="U.S. Census Bureau"
                                        xlink:href="http://www.ngdc.noaa.gov/docucomp/eb139e38-ee29-4d59-b157-5e874d4420c4"/>
               <gfc:listedValue>
                  <gfc:FC_ListedValue>
                     <gfc:label>
                        <gco:CharacterString xmlns:gco="http://www.isotc211.org/2005/gco">G5220</gco:CharacterString>
                     </gfc:label>
                     <gfc:definition>
                        <gco:CharacterString xmlns:gco="http://www.isotc211.org/2005/gco">State Legislative District (Lower Chamber)</gco:CharacterString>
                     </gfc:definition>
                     <gfc:definitionReference xmlns:xlink="http://www.w3.org/1999/xlink" xlink:title="U.S. Census Bureau"
                                              xlink:href="http://www.ngdc.noaa.gov/docucomp/eb139e38-ee29-4d59-b157-5e874d4420c4"/>
                  </gfc:FC_ListedValue>
               </gfc:listedValue>
            </gfc:FC_FeatureAttribute>
         </gfc:carrierOfCharacteristics>
         <gfc:carrierOfCharacteristics>
            <gfc:FC_FeatureAttribute>
               <gfc:memberName>
                  <gco:LocalName xmlns:gco="http://www.isotc211.org/2005/gco">FUNCSTAT</gco:LocalName>
               </gfc:memberName>
               <gfc:definition>
                  <gco:CharacterString xmlns:gco="http://www.isotc211.org/2005/gco">Current functional status</gco:CharacterString>
               </gfc:definition>
               <gfc:cardinality xmlns:gco="http://www.isotc211.org/2005/gco" gco:nilReason="unknown"/>
               <gfc:definitionReference xmlns:xlink="http://www.w3.org/1999/xlink" xlink:title="U.S. Census Bureau"
                                        xlink:href="http://www.ngdc.noaa.gov/docucomp/eb139e38-ee29-4d59-b157-5e874d4420c4"/>
               <gfc:listedValue>
                  <gfc:FC_ListedValue>
                     <gfc:label>
                        <gco:CharacterString xmlns:gco="http://www.isotc211.org/2005/gco">F</gco:CharacterString>
                     </gfc:label>
                     <gfc:definition>
                        <gco:CharacterString xmlns:gco="http://www.isotc211.org/2005/gco">Fictitious Entity created to fill the Census Bureau geographic hierarchy</gco:CharacterString>
                     </gfc:definition>
                     <gfc:definitionReference xmlns:xlink="http://www.w3.org/1999/xlink" xlink:title="U.S. Census Bureau"
                                              xlink:href="http://www.ngdc.noaa.gov/docucomp/eb139e38-ee29-4d59-b157-5e874d4420c4"/>
                  </gfc:FC_ListedValue>
               </gfc:listedValue>
               <gfc:listedValue>
                  <gfc:FC_ListedValue>
                     <gfc:label>
                        <gco:CharacterString xmlns:gco="http://www.isotc211.org/2005/gco">N</gco:CharacterString>
                     </gfc:label>
                     <gfc:definition>
                        <gco:CharacterString xmlns:gco="http://www.isotc211.org/2005/gco">Nonfunctioning legal entity</gco:CharacterString>
                     </gfc:definition>
                     <gfc:definitionReference xmlns:xlink="http://www.w3.org/1999/xlink" xlink:title="U.S. Census Bureau"
                                              xlink:href="http://www.ngdc.noaa.gov/docucomp/eb139e38-ee29-4d59-b157-5e874d4420c4"/>
                  </gfc:FC_ListedValue>
               </gfc:listedValue>
            </gfc:FC_FeatureAttribute>
         </gfc:carrierOfCharacteristics>
         <gfc:carrierOfCharacteristics>
            <gfc:FC_FeatureAttribute>
               <gfc:memberName>
                  <gco:LocalName xmlns:gco="http://www.isotc211.org/2005/gco">ALAND</gco:LocalName>
               </gfc:memberName>
               <gfc:definition>
                  <gco:CharacterString xmlns:gco="http://www.isotc211.org/2005/gco">Current land area (square meters)</gco:CharacterString>
               </gfc:definition>
               <gfc:cardinality xmlns:gco="http://www.isotc211.org/2005/gco" gco:nilReason="unknown"/>
               <gfc:definitionReference xmlns:xlink="http://www.w3.org/1999/xlink" xlink:title="U.S. Census Bureau"
                                        xlink:href="http://www.ngdc.noaa.gov/docucomp/eb139e38-ee29-4d59-b157-5e874d4420c4"/>
               <gfc:listedValue>
                  <gfc:FC_ListedValue>
                     <gfc:label xmlns:gco="http://www.isotc211.org/2005/gco" gco:nilReason="inapplicable"/>
                     <gfc:definition>
                        <gco:CharacterString xmlns:gco="http://www.isotc211.org/2005/gco">
                                            Range Domain Minimum: 0
                                            Range Domain Maximum: 9,999,999,999,999</gco:CharacterString>
                     </gfc:definition>
                  </gfc:FC_ListedValue>
               </gfc:listedValue>
            </gfc:FC_FeatureAttribute>
         </gfc:carrierOfCharacteristics>
         <gfc:carrierOfCharacteristics>
            <gfc:FC_FeatureAttribute>
               <gfc:memberName>
                  <gco:LocalName xmlns:gco="http://www.isotc211.org/2005/gco">AWATER</gco:LocalName>
               </gfc:memberName>
               <gfc:definition>
                  <gco:CharacterString xmlns:gco="http://www.isotc211.org/2005/gco">Current water area (square meters)</gco:CharacterString>
               </gfc:definition>
               <gfc:cardinality xmlns:gco="http://www.isotc211.org/2005/gco" gco:nilReason="unknown"/>
               <gfc:definitionReference xmlns:xlink="http://www.w3.org/1999/xlink" xlink:title="U.S. Census Bureau"
                                        xlink:href="http://www.ngdc.noaa.gov/docucomp/eb139e38-ee29-4d59-b157-5e874d4420c4"/>
               <gfc:listedValue>
                  <gfc:FC_ListedValue>
                     <gfc:label xmlns:gco="http://www.isotc211.org/2005/gco" gco:nilReason="inapplicable"/>
                     <gfc:definition>
                        <gco:CharacterString xmlns:gco="http://www.isotc211.org/2005/gco">
                                            Range Domain Minimum: 0
                                            Range Domain Maximum: 9,999,999,999,999</gco:CharacterString>
                     </gfc:definition>
                  </gfc:FC_ListedValue>
               </gfc:listedValue>
            </gfc:FC_FeatureAttribute>
         </gfc:carrierOfCharacteristics>
         <gfc:carrierOfCharacteristics>
            <gfc:FC_FeatureAttribute>
               <gfc:memberName>
                  <gco:LocalName xmlns:gco="http://www.isotc211.org/2005/gco">INTPTLAT</gco:LocalName>
               </gfc:memberName>
               <gfc:definition>
                  <gco:CharacterString xmlns:gco="http://www.isotc211.org/2005/gco">Current latitude of the internal point</gco:CharacterString>
               </gfc:definition>
               <gfc:cardinality xmlns:gco="http://www.isotc211.org/2005/gco" gco:nilReason="unknown"/>
               <gfc:definitionReference xmlns:xlink="http://www.w3.org/1999/xlink" xlink:title="U.S. Census Bureau"
                                        xlink:href="http://www.ngdc.noaa.gov/docucomp/eb139e38-ee29-4d59-b157-5e874d4420c4"/>
               <gfc:listedValue>
                  <gfc:FC_ListedValue>
                     <gfc:label xmlns:gco="http://www.isotc211.org/2005/gco" gco:nilReason="inapplicable"/>
                     <gfc:definition>
                        <gco:CharacterString xmlns:gco="http://www.isotc211.org/2005/gco">
                                            Range Domain Minimum: -90.000000
                                            Range Domain Maximum: 90.000000</gco:CharacterString>
                     </gfc:definition>
                  </gfc:FC_ListedValue>
               </gfc:listedValue>
            </gfc:FC_FeatureAttribute>
         </gfc:carrierOfCharacteristics>
         <gfc:carrierOfCharacteristics>
            <gfc:FC_FeatureAttribute>
               <gfc:memberName>
                  <gco:LocalName xmlns:gco="http://www.isotc211.org/2005/gco">INTPTLON</gco:LocalName>
               </gfc:memberName>
               <gfc:definition>
                  <gco:CharacterString xmlns:gco="http://www.isotc211.org/2005/gco">Current longitude of the internal point</gco:CharacterString>
               </gfc:definition>
               <gfc:cardinality xmlns:gco="http://www.isotc211.org/2005/gco" gco:nilReason="unknown"/>
               <gfc:definitionReference xmlns:xlink="http://www.w3.org/1999/xlink" xlink:title="U.S. Census Bureau"
                                        xlink:href="http://www.ngdc.noaa.gov/docucomp/eb139e38-ee29-4d59-b157-5e874d4420c4"/>
               <gfc:listedValue>
                  <gfc:FC_ListedValue>
                     <gfc:label xmlns:gco="http://www.isotc211.org/2005/gco" gco:nilReason="inapplicable"/>
                     <gfc:definition>
                        <gco:CharacterString xmlns:gco="http://www.isotc211.org/2005/gco">
                                            Range Domain Minimum: -180.000000
                                            Range Domain Maximum: 180.000000</gco:CharacterString>
                     </gfc:definition>
                  </gfc:FC_ListedValue>
               </gfc:listedValue>
            </gfc:FC_FeatureAttribute>
         </gfc:carrierOfCharacteristics>
      </gfc:FC_FeatureType>
   </gfc:featureType>
</gfc:FC_FeatureCatalogue>