GEO.id,GEO.id2,GEO.display-label,HD01_VD01,HD02_VD01
Id,Id2,Geography,Estimate; Total:,Margin of Error; Total:
1400000US42101000100,42101000100,"Census Tract 1, Philadelphia County, Pennsylvania",2796,414
1400000US42101000200,42101000200,"Census Tract 2, Philadelphia County, Pennsylvania",685,211
1400000US42101000300,42101000300,"Census Tract 3, Philadelphia County, Pennsylvania",2723,361
1400000US42101000401,42101000401,"Census Tract 4.01, Philadelphia County, Pennsylvania",1414,250
1400000US42101000402,42101000402,"Census Tract 4.02, Philadelphia County, Pennsylvania",2625,287
1400000US42101000500,42101000500,"Census Tract 5, Philadelphia County, Pennsylvania",909,245
1400000US42101000600,42101000600,"Census Tract 6, Philadelphia County, Pennsylvania",1082,287
1400000US42101000700,42101000700,"Census Tract 7, Philadelphia County, Pennsylvania",1812,284
1400000US42101000801,42101000801,"Census Tract 8.01, Philadelphia County, Pennsylvania",1321,260
1400000US42101000803,42101000803,"Census Tract 8.03, Philadelphia County, Pennsylvania",3125,363
1400000US42101000804,42101000804,"Census Tract 8.04, Philadelphia County, Pennsylvania",3055,423
1400000US42101000901,42101000901,"Census Tract 9.01, Philadelphia County, Pennsylvania",1415,208
1400000US42101000902,42101000902,"Census Tract 9.02, Philadelphia County, Pennsylvania",1809,325
1400000US42101001001,42101001001,"Census Tract 10.01, Philadelphia County, Pennsylvania",2403,324
1400000US42101001002,42101001002,"Census Tract 10.02, Philadelphia County, Pennsylvania",3157,317
1400000US42101001101,42101001101,"Census Tract 11.01, Philadelphia County, Pennsylvania",2947,403
1400000US42101001102,42101001102,"Census Tract 11.02, Philadelphia County, Pennsylvania",2375,257
1400000US42101001201,42101001201,"Census Tract 12.01, Philadelphia County, Pennsylvania",3514,416
1400000US42101001202,42101001202,"Census Tract 12.02, Philadelphia County, Pennsylvania",4144,428
1400000US42101001300,42101001300,"Census Tract 13, Philadelphia County, Pennsylvania",3295,401
1400000US42101001400,42101001400,"Census Tract 14, Philadelphia County, Pennsylvania",3132,450
1400000US42101001500,42101001500,"Census Tract 15, Philadelphia County, Pennsylvania",2129,356
1400000US42101001600,42101001600,"Census Tract 16, Philadelphia County, Pennsylvania",1844,255
1400000US42101001700,42101001700,"Census Tract 17, Philadelphia County, Pennsylvania",2421,245
1400000US42101001800,42101001800,"Census Tract 18, Philadelphia County, Pennsylvania",2198,294
1400000US42101001900,42101001900,"Census Tract 19, Philadelphia County, Pennsylvania",1630,207
1400000US42101002000,42101002000,"Census Tract 20, Philadelphia County, Pennsylvania",241,173
1400000US42101002100,42101002100,"Census Tract 21, Philadelphia County, Pennsylvania",473,160
1400000US42101002200,42101002200,"Census Tract 22, Philadelphia County, Pennsylvania",608,149
1400000US42101002300,42101002300,"Census Tract 23, Philadelphia County, Pennsylvania",2066,269
1400000US42101002400,42101002400,"Census Tract 24, Philadelphia County, Pennsylvania",3675,584
1400000US42101002500,42101002500,"Census Tract 25, Philadelphia County, Pennsylvania",2232,279
1400000US42101002701,42101002701,"Census Tract 27.01, Philadelphia County, Pennsylvania",1765,404
1400000US42101002702,42101002702,"Census Tract 27.02, Philadelphia County, Pennsylvania",3104,486
1400000US42101002801,42101002801,"Census Tract 28.01, Philadelphia County, Pennsylvania",2005,493
1400000US42101002802,42101002802,"Census Tract 28.02, Philadelphia County, Pennsylvania",3555,445
1400000US42101002900,42101002900,"Census Tract 29, Philadelphia County, Pennsylvania",3649,532
1400000US42101003001,42101003001,"Census Tract 30.01, Philadelphia County, Pennsylvania",1278,349
1400000US42101003002,42101003002,"Census Tract 30.02, Philadelphia County, Pennsylvania",608,254
1400000US42101003100,42101003100,"Census Tract 31, Philadelphia County, Pennsylvania",358,196
1400000US42101003200,42101003200,"Census Tract 32, Philadelphia County, Pennsylvania",392,338
1400000US42101003300,42101003300,"Census Tract 33, Philadelphia County, Pennsylvania",1615,504
1400000US42101003600,42101003600,"Census Tract 36, Philadelphia County, Pennsylvania",1641,448
1400000US42101003701,42101003701,"Census Tract 37.01, Philadelphia County, Pennsylvania",715,283
1400000US42101003702,42101003702,"Census Tract 37.02, Philadelphia County, Pennsylvania",1444,246
1400000US42101003800,42101003800,"Census Tract 38, Philadelphia County, Pennsylvania",3728,361
1400000US42101003901,42101003901,"Census Tract 39.01, Philadelphia County, Pennsylvania",5021,740
1400000US42101003902,42101003902,"Census Tract 39.02, Philadelphia County, Pennsylvania",5740,536
1400000US42101004001,42101004001,"Census Tract 40.01, Philadelphia County, Pennsylvania",3468,427
1400000US42101004002,42101004002,"Census Tract 40.02, Philadelphia County, Pennsylvania",4292,456
1400000US42101004101,42101004101,"Census Tract 41.01, Philadelphia County, Pennsylvania",2591,655
1400000US42101004102,42101004102,"Census Tract 41.02, Philadelphia County, Pennsylvania",4185,736
1400000US42101004201,42101004201,"Census Tract 42.01, Philadelphia County, Pennsylvania",4583,493
1400000US42101004202,42101004202,"Census Tract 42.02, Philadelphia County, Pennsylvania",4251,542
1400000US42101005000,42101005000,"Census Tract 50, Philadelphia County, Pennsylvania",0,10
1400000US42101005400,42101005400,"Census Tract 54, Philadelphia County, Pennsylvania",246,89
1400000US42101005500,42101005500,"Census Tract 55, Philadelphia County, Pennsylvania",780,298
1400000US42101005600,42101005600,"Census Tract 56, Philadelphia County, Pennsylvania",120,83
1400000US42101006000,42101006000,"Census Tract 60, Philadelphia County, Pennsylvania",1142,299
1400000US42101006100,42101006100,"Census Tract 61, Philadelphia County, Pennsylvania",342,156
1400000US42101006200,42101006200,"Census Tract 62, Philadelphia County, Pennsylvania",567,252
1400000US42101006300,42101006300,"Census Tract 63, Philadelphia County, Pennsylvania",498,211
1400000US42101006400,42101006400,"Census Tract 64, Philadelphia County, Pennsylvania",417,205
1400000US42101006500,42101006500,"Census Tract 65, Philadelphia County, Pennsylvania",228,292
1400000US42101006600,42101006600,"Census Tract 66, Philadelphia County, Pennsylvania",138,130
1400000US42101006700,42101006700,"Census Tract 67, Philadelphia County, Pennsylvania",1263,431
1400000US42101006900,42101006900,"Census Tract 69, Philadelphia County, Pennsylvania",125,143
1400000US42101007000,42101007000,"Census Tract 70, Philadelphia County, Pennsylvania",298,330
1400000US42101007101,42101007101,"Census Tract 71.01, Philadelphia County, Pennsylvania",149,111
1400000US42101007102,42101007102,"Census Tract 71.02, Philadelphia County, Pennsylvania",6,24
1400000US42101007200,42101007200,"Census Tract 72, Philadelphia County, Pennsylvania",155,103
1400000US42101007300,42101007300,"Census Tract 73, Philadelphia County, Pennsylvania",109,116
1400000US42101007400,42101007400,"Census Tract 74, Philadelphia County, Pennsylvania",387,154
1400000US42101007700,42101007700,"Census Tract 77, Philadelphia County, Pennsylvania",1127,222
1400000US42101007800,42101007800,"Census Tract 78, Philadelphia County, Pennsylvania",2767,386
1400000US42101007900,42101007900,"Census Tract 79, Philadelphia County, Pennsylvania",2405,422
1400000US42101008000,42101008000,"Census Tract 80, Philadelphia County, Pennsylvania",621,181
1400000US42101008101,42101008101,"Census Tract 81.01, Philadelphia County, Pennsylvania",50,63
1400000US42101008102,42101008102,"Census Tract 81.02, Philadelphia County, Pennsylvania",17,20
1400000US42101008200,42101008200,"Census Tract 82, Philadelphia County, Pennsylvania",53,49
1400000US42101008301,42101008301,"Census Tract 83.01, Philadelphia County, Pennsylvania",169,128
1400000US42101008302,42101008302,"Census Tract 83.02, Philadelphia County, Pennsylvania",58,55
1400000US42101008400,42101008400,"Census Tract 84, Philadelphia County, Pennsylvania",243,146
1400000US42101008500,42101008500,"Census Tract 85, Philadelphia County, Pennsylvania",250,136
1400000US42101008601,42101008601,"Census Tract 86.01, Philadelphia County, Pennsylvania",1488,335
1400000US42101008602,42101008602,"Census Tract 86.02, Philadelphia County, Pennsylvania",566,196
1400000US42101008701,42101008701,"Census Tract 87.01, Philadelphia County, Pennsylvania",3288,800
1400000US42101008702,42101008702,"Census Tract 87.02, Philadelphia County, Pennsylvania",1810,501
1400000US42101008801,42101008801,"Census Tract 88.01, Philadelphia County, Pennsylvania",1195,307
1400000US42101008802,42101008802,"Census Tract 88.02, Philadelphia County, Pennsylvania",4883,1257
1400000US42101009000,42101009000,"Census Tract 90, Philadelphia County, Pennsylvania",3781,462
1400000US42101009100,42101009100,"Census Tract 91, Philadelphia County, Pennsylvania",900,176
1400000US42101009200,42101009200,"Census Tract 92, Philadelphia County, Pennsylvania",517,229
1400000US42101009300,42101009300,"Census Tract 93, Philadelphia County, Pennsylvania",100,86
1400000US42101009400,42101009400,"Census Tract 94, Philadelphia County, Pennsylvania",145,105
1400000US42101009500,42101009500,"Census Tract 95, Philadelphia County, Pennsylvania",30,42
1400000US42101009600,42101009600,"Census Tract 96, Philadelphia County, Pennsylvania",62,60
1400000US42101009801,42101009801,"Census Tract 98.01, Philadelphia County, Pennsylvania",547,294
1400000US42101009802,42101009802,"Census Tract 98.02, Philadelphia County, Pennsylvania",548,188
1400000US42101010000,42101010000,"Census Tract 100, Philadelphia County, Pennsylvania",584,240
1400000US42101010100,42101010100,"Census Tract 101, Philadelphia County, Pennsylvania",153,113
1400000US42101010200,42101010200,"Census Tract 102, Philadelphia County, Pennsylvania",13,20
1400000US42101010300,42101010300,"Census Tract 103, Philadelphia County, Pennsylvania",7,12
1400000US42101010400,42101010400,"Census Tract 104, Philadelphia County, Pennsylvania",57,76
1400000US42101010500,42101010500,"Census Tract 105, Philadelphia County, Pennsylvania",296,106
1400000US42101010600,42101010600,"Census Tract 106, Philadelphia County, Pennsylvania",54,45
1400000US42101010700,42101010700,"Census Tract 107, Philadelphia County, Pennsylvania",297,236
1400000US42101010800,42101010800,"Census Tract 108, Philadelphia County, Pennsylvania",200,94
1400000US42101010900,42101010900,"Census Tract 109, Philadelphia County, Pennsylvania",134,87
1400000US42101011000,42101011000,"Census Tract 110, Philadelphia County, Pennsylvania",212,206
1400000US42101011100,42101011100,"Census Tract 111, Philadelphia County, Pennsylvania",63,55
1400000US42101011200,42101011200,"Census Tract 112, Philadelphia County, Pennsylvania",64,45
1400000US42101011300,42101011300,"Census Tract 113, Philadelphia County, Pennsylvania",8,13
1400000US42101011400,42101011400,"Census Tract 114, Philadelphia County, Pennsylvania",105,88
1400000US42101011500,42101011500,"Census Tract 115, Philadelphia County, Pennsylvania",609,239
1400000US42101011700,42101011700,"Census Tract 117, Philadelphia County, Pennsylvania",1345,358
1400000US42101011800,42101011800,"Census Tract 118, Philadelphia County, Pennsylvania",94,99
1400000US42101011900,42101011900,"Census Tract 119, Philadelphia County, Pennsylvania",205,171
1400000US42101012000,42101012000,"Census Tract 120, Philadelphia County, Pennsylvania",669,165
1400000US42101012100,42101012100,"Census Tract 121, Philadelphia County, Pennsylvania",707,220
1400000US42101012201,42101012201,"Census Tract 122.01, Philadelphia County, Pennsylvania",1203,284
1400000US42101012203,42101012203,"Census Tract 122.03, Philadelphia County, Pennsylvania",602,235
1400000US42101012204,42101012204,"Census Tract 122.04, Philadelphia County, Pennsylvania",1089,215
1400000US42101012500,42101012500,"Census Tract 125, Philadelphia County, Pennsylvania",3760,552
1400000US42101013100,42101013100,"Census Tract 131, Philadelphia County, Pennsylvania",342,110
1400000US42101013200,42101013200,"Census Tract 132, Philadelphia County, Pennsylvania",319,131
1400000US42101013300,42101013300,"Census Tract 133, Philadelphia County, Pennsylvania",1619,251
1400000US42101013401,42101013401,"Census Tract 134.01, Philadelphia County, Pennsylvania",2279,262
1400000US42101013402,42101013402,"Census Tract 134.02, Philadelphia County, Pennsylvania",2119,283
1400000US42101013500,42101013500,"Census Tract 135, Philadelphia County, Pennsylvania",1779,240
1400000US42101013601,42101013601,"Census Tract 136.01, Philadelphia County, Pennsylvania",2138,267
1400000US42101013602,42101013602,"Census Tract 136.02, Philadelphia County, Pennsylvania",3246,357
1400000US42101013700,42101013700,"Census Tract 137, Philadelphia County, Pennsylvania",1219,359
1400000US42101013800,42101013800,"Census Tract 138, Philadelphia County, Pennsylvania",360,298
1400000US42101013900,42101013900,"Census Tract 139, Philadelphia County, Pennsylvania",343,159
1400000US42101014000,42101014000,"Census Tract 140, Philadelphia County, Pennsylvania",761,284
1400000US42101014100,42101014100,"Census Tract 141, Philadelphia County, Pennsylvania",531,219
1400000US42101014200,42101014200,"Census Tract 142, Philadelphia County, Pennsylvania",2932,284
1400000US42101014300,42101014300,"Census Tract 143, Philadelphia County, Pennsylvania",1473,193
1400000US42101014400,42101014400,"Census Tract 144, Philadelphia County, Pennsylvania",1770,347
1400000US42101014500,42101014500,"Census Tract 145, Philadelphia County, Pennsylvania",187,109
1400000US42101014600,42101014600,"Census Tract 146, Philadelphia County, Pennsylvania",1091,320
1400000US42101014700,42101014700,"Census Tract 147, Philadelphia County, Pennsylvania",1757,430
1400000US42101014800,42101014800,"Census Tract 148, Philadelphia County, Pennsylvania",100,128
1400000US42101014900,42101014900,"Census Tract 149, Philadelphia County, Pennsylvania",413,424
1400000US42101015101,42101015101,"Census Tract 151.01, Philadelphia County, Pennsylvania",92,95
1400000US42101015102,42101015102,"Census Tract 151.02, Philadelphia County, Pennsylvania",28,41
1400000US42101015200,42101015200,"Census Tract 152, Philadelphia County, Pennsylvania",466,290
1400000US42101015300,42101015300,"Census Tract 153, Philadelphia County, Pennsylvania",2470,587
1400000US42101015600,42101015600,"Census Tract 156, Philadelphia County, Pennsylvania",696,198
1400000US42101015700,42101015700,"Census Tract 157, Philadelphia County, Pennsylvania",1371,339
1400000US42101015800,42101015800,"Census Tract 158, Philadelphia County, Pennsylvania",5328,525
1400000US42101016000,42101016000,"Census Tract 160, Philadelphia County, Pennsylvania",6440,673
1400000US42101016100,42101016100,"Census Tract 161, Philadelphia County, Pennsylvania",2844,454
1400000US42101016200,42101016200,"Census Tract 162, Philadelphia County, Pennsylvania",924,292
1400000US42101016300,42101016300,"Census Tract 163, Philadelphia County, Pennsylvania",1264,458
1400000US42101016400,42101016400,"Census Tract 164, Philadelphia County, Pennsylvania",819,274
1400000US42101016500,42101016500,"Census Tract 165, Philadelphia County, Pennsylvania",96,105
1400000US42101016600,42101016600,"Census Tract 166, Philadelphia County, Pennsylvania",294,150
1400000US42101016701,42101016701,"Census Tract 167.01, Philadelphia County, Pennsylvania",23,26
1400000US42101016702,42101016702,"Census Tract 167.02, Philadelphia County, Pennsylvania",272,206
1400000US42101016800,42101016800,"Census Tract 168, Philadelphia County, Pennsylvania",223,153
1400000US42101016901,42101016901,"Census Tract 169.01, Philadelphia County, Pennsylvania",98,95
1400000US42101016902,42101016902,"Census Tract 169.02, Philadelphia County, Pennsylvania",438,448
1400000US42101017000,42101017000,"Census Tract 170, Philadelphia County, Pennsylvania",630,280
1400000US42101017100,42101017100,"Census Tract 171, Philadelphia County, Pennsylvania",218,130
1400000US42101017201,42101017201,"Census Tract 172.01, Philadelphia County, Pennsylvania",114,151
1400000US42101017202,42101017202,"Census Tract 172.02, Philadelphia County, Pennsylvania",172,212
1400000US42101017300,42101017300,"Census Tract 173, Philadelphia County, Pennsylvania",45,29
1400000US42101017400,42101017400,"Census Tract 174, Philadelphia County, Pennsylvania",13,18
1400000US42101017500,42101017500,"Census Tract 175, Philadelphia County, Pennsylvania",1229,427
1400000US42101017601,42101017601,"Census Tract 176.01, Philadelphia County, Pennsylvania",1595,430
1400000US42101017602,42101017602,"Census Tract 176.02, Philadelphia County, Pennsylvania",1307,353
1400000US42101017701,42101017701,"Census Tract 177.01, Philadelphia County, Pennsylvania",1109,377
1400000US42101017702,42101017702,"Census Tract 177.02, Philadelphia County, Pennsylvania",2503,609
1400000US42101017800,42101017800,"Census Tract 178, Philadelphia County, Pennsylvania",2631,616
1400000US42101017900,42101017900,"Census Tract 179, Philadelphia County, Pennsylvania",3281,774
1400000US42101018001,42101018001,"Census Tract 180.01, Philadelphia County, Pennsylvania",2538,407
1400000US42101018002,42101018002,"Census Tract 180.02, Philadelphia County, Pennsylvania",5296,592
1400000US42101018300,42101018300,"Census Tract 183, Philadelphia County, Pennsylvania",4064,324
1400000US42101018400,42101018400,"Census Tract 184, Philadelphia County, Pennsylvania",2300,254
1400000US42101018800,42101018800,"Census Tract 188, Philadelphia County, Pennsylvania",4008,839
1400000US42101019000,42101019000,"Census Tract 190, Philadelphia County, Pennsylvania",3165,902
1400000US42101019100,42101019100,"Census Tract 191, Philadelphia County, Pennsylvania",3489,671
1400000US42101019200,42101019200,"Census Tract 192, Philadelphia County, Pennsylvania",3191,621
1400000US42101019501,42101019501,"Census Tract 195.01, Philadelphia County, Pennsylvania",1098,341
1400000US42101019502,42101019502,"Census Tract 195.02, Philadelphia County, Pennsylvania",1885,765
1400000US42101019700,42101019700,"Census Tract 197, Philadelphia County, Pennsylvania",1467,565
1400000US42101019800,42101019800,"Census Tract 198, Philadelphia County, Pennsylvania",1325,480
1400000US42101019900,42101019900,"Census Tract 199, Philadelphia County, Pennsylvania",912,337
1400000US42101020000,42101020000,"Census Tract 200, Philadelphia County, Pennsylvania",126,78
1400000US42101020101,42101020101,"Census Tract 201.01, Philadelphia County, Pennsylvania",48,47
1400000US42101020102,42101020102,"Census Tract 201.02, Philadelphia County, Pennsylvania",181,216
1400000US42101020200,42101020200,"Census Tract 202, Philadelphia County, Pennsylvania",214,142
1400000US42101020300,42101020300,"Census Tract 203, Philadelphia County, Pennsylvania",82,64
1400000US42101020400,42101020400,"Census Tract 204, Philadelphia County, Pennsylvania",47,44
1400000US42101020500,42101020500,"Census Tract 205, Philadelphia County, Pennsylvania",211,104
1400000US42101020600,42101020600,"Census Tract 206, Philadelphia County, Pennsylvania",1019,286
1400000US42101020700,42101020700,"Census Tract 207, Philadelphia County, Pennsylvania",4927,500
1400000US42101020800,42101020800,"Census Tract 208, Philadelphia County, Pennsylvania",1249,253
1400000US42101020900,42101020900,"Census Tract 209, Philadelphia County, Pennsylvania",2883,472
1400000US42101021000,42101021000,"Census Tract 210, Philadelphia County, Pennsylvania",4678,597
1400000US42101021100,42101021100,"Census Tract 211, Philadelphia County, Pennsylvania",2071,255
1400000US42101021200,42101021200,"Census Tract 212, Philadelphia County, Pennsylvania",2043,184
1400000US42101021300,42101021300,"Census Tract 213, Philadelphia County, Pennsylvania",3005,376
1400000US42101021400,42101021400,"Census Tract 214, Philadelphia County, Pennsylvania",3127,469
1400000US42101021500,42101021500,"Census Tract 215, Philadelphia County, Pennsylvania",3249,409
1400000US42101021600,42101021600,"Census Tract 216, Philadelphia County, Pennsylvania",1810,307
1400000US42101021700,42101021700,"Census Tract 217, Philadelphia County, Pennsylvania",5294,447
1400000US42101021800,42101021800,"Census Tract 218, Philadelphia County, Pennsylvania",3301,463
1400000US42101021900,42101021900,"Census Tract 219, Philadelphia County, Pennsylvania",1325,190
1400000US42101022000,42101022000,"Census Tract 220, Philadelphia County, Pennsylvania",1406,176
1400000US42101023100,42101023100,"Census Tract 231, Philadelphia County, Pennsylvania",1116,101
1400000US42101023500,42101023500,"Census Tract 235, Philadelphia County, Pennsylvania",739,134
1400000US42101023600,42101023600,"Census Tract 236, Philadelphia County, Pennsylvania",1625,230
1400000US42101023700,42101023700,"Census Tract 237, Philadelphia County, Pennsylvania",1894,280
1400000US42101023800,42101023800,"Census Tract 238, Philadelphia County, Pennsylvania",1323,334
1400000US42101023900,42101023900,"Census Tract 239, Philadelphia County, Pennsylvania",421,134
1400000US42101024000,42101024000,"Census Tract 240, Philadelphia County, Pennsylvania",1397,337
1400000US42101024100,42101024100,"Census Tract 241, Philadelphia County, Pennsylvania",313,110
1400000US42101024200,42101024200,"Census Tract 242, Philadelphia County, Pennsylvania",656,285
1400000US42101024300,42101024300,"Census Tract 243, Philadelphia County, Pennsylvania",537,242
1400000US42101024400,42101024400,"Census Tract 244, Philadelphia County, Pennsylvania",195,142
1400000US42101024500,42101024500,"Census Tract 245, Philadelphia County, Pennsylvania",194,103
1400000US42101024600,42101024600,"Census Tract 246, Philadelphia County, Pennsylvania",260,152
1400000US42101024700,42101024700,"Census Tract 247, Philadelphia County, Pennsylvania",411,203
1400000US42101024800,42101024800,"Census Tract 248, Philadelphia County, Pennsylvania",41,31
1400000US42101024900,42101024900,"Census Tract 249, Philadelphia County, Pennsylvania",32,27
1400000US42101025200,42101025200,"Census Tract 252, Philadelphia County, Pennsylvania",566,252
1400000US42101025300,42101025300,"Census Tract 253, Philadelphia County, Pennsylvania",480,286
1400000US42101025400,42101025400,"Census Tract 254, Philadelphia County, Pennsylvania",419,151
1400000US42101025500,42101025500,"Census Tract 255, Philadelphia County, Pennsylvania",1055,249
1400000US42101025600,42101025600,"Census Tract 256, Philadelphia County, Pennsylvania",1659,244
1400000US42101025700,42101025700,"Census Tract 257, Philadelphia County, Pennsylvania",2348,306
1400000US42101025800,42101025800,"Census Tract 258, Philadelphia County, Pennsylvania",30,26
1400000US42101025900,42101025900,"Census Tract 259, Philadelphia County, Pennsylvania",90,65
1400000US42101026000,42101026000,"Census Tract 260, Philadelphia County, Pennsylvania",117,104
1400000US42101026100,42101026100,"Census Tract 261, Philadelphia County, Pennsylvania",74,71
1400000US42101026200,42101026200,"Census Tract 262, Philadelphia County, Pennsylvania",128,100
1400000US42101026301,42101026301,"Census Tract 263.01, Philadelphia County, Pennsylvania",102,73
1400000US42101026302,42101026302,"Census Tract 263.02, Philadelphia County, Pennsylvania",361,188
1400000US42101026400,42101026400,"Census Tract 264, Philadelphia County, Pennsylvania",164,177
1400000US42101026500,42101026500,"Census Tract 265, Philadelphia County, Pennsylvania",119,68
1400000US42101026600,42101026600,"Census Tract 266, Philadelphia County, Pennsylvania",75,83
1400000US42101026700,42101026700,"Census Tract 267, Philadelphia County, Pennsylvania",187,255
1400000US42101026800,42101026800,"Census Tract 268, Philadelphia County, Pennsylvania",281,127
1400000US42101026900,42101026900,"Census Tract 269, Philadelphia County, Pennsylvania",468,134
1400000US42101027000,42101027000,"Census Tract 270, Philadelphia County, Pennsylvania",331,143
1400000US42101027100,42101027100,"Census Tract 271, Philadelphia County, Pennsylvania",293,145
1400000US42101027200,42101027200,"Census Tract 272, Philadelphia County, Pennsylvania",388,133
1400000US42101027300,42101027300,"Census Tract 273, Philadelphia County, Pennsylvania",1151,324
1400000US42101027401,42101027401,"Census Tract 274.01, Philadelphia County, Pennsylvania",555,309
1400000US42101027402,42101027402,"Census Tract 274.02, Philadelphia County, Pennsylvania",622,229
1400000US42101027500,42101027500,"Census Tract 275, Philadelphia County, Pennsylvania",634,173
1400000US42101027600,42101027600,"Census Tract 276, Philadelphia County, Pennsylvania",169,117
1400000US42101027700,42101027700,"Census Tract 277, Philadelphia County, Pennsylvania",337,250
1400000US42101027800,42101027800,"Census Tract 278, Philadelphia County, Pennsylvania",244,157
1400000US42101027901,42101027901,"Census Tract 279.01, Philadelphia County, Pennsylvania",71,49
1400000US42101027902,42101027902,"Census Tract 279.02, Philadelphia County, Pennsylvania",1967,472
1400000US42101028000,42101028000,"Census Tract 280, Philadelphia County, Pennsylvania",81,84
1400000US42101028100,42101028100,"Census Tract 281, Philadelphia County, Pennsylvania",206,99
1400000US42101028200,42101028200,"Census Tract 282, Philadelphia County, Pennsylvania",533,301
1400000US42101028300,42101028300,"Census Tract 283, Philadelphia County, Pennsylvania",318,232
1400000US42101028400,42101028400,"Census Tract 284, Philadelphia County, Pennsylvania",671,419
1400000US42101028500,42101028500,"Census Tract 285, Philadelphia County, Pennsylvania",312,208
1400000US42101028600,42101028600,"Census Tract 286, Philadelphia County, Pennsylvania",711,309
1400000US42101028700,42101028700,"Census Tract 287, Philadelphia County, Pennsylvania",553,176
1400000US42101028800,42101028800,"Census Tract 288, Philadelphia County, Pennsylvania",1396,416
1400000US42101028901,42101028901,"Census Tract 289.01, Philadelphia County, Pennsylvania",626,305
1400000US42101028902,42101028902,"Census Tract 289.02, Philadelphia County, Pennsylvania",1730,554
1400000US42101029000,42101029000,"Census Tract 290, Philadelphia County, Pennsylvania",1267,484
1400000US42101029100,42101029100,"Census Tract 291, Philadelphia County, Pennsylvania",864,305
1400000US42101029200,42101029200,"Census Tract 292, Philadelphia County, Pennsylvania",1322,332
1400000US42101029300,42101029300,"Census Tract 293, Philadelphia County, Pennsylvania",1097,381
1400000US42101029400,42101029400,"Census Tract 294, Philadelphia County, Pennsylvania",1113,264
1400000US42101029800,42101029800,"Census Tract 298, Philadelphia County, Pennsylvania",2627,358
1400000US42101029900,42101029900,"Census Tract 299, Philadelphia County, Pennsylvania",1418,377
1400000US42101030000,42101030000,"Census Tract 300, Philadelphia County, Pennsylvania",2273,593
1400000US42101030100,42101030100,"Census Tract 301, Philadelphia County, Pennsylvania",2092,405
1400000US42101030200,42101030200,"Census Tract 302, Philadelphia County, Pennsylvania",2721,653
1400000US42101030501,42101030501,"Census Tract 305.01, Philadelphia County, Pennsylvania",1229,386
1400000US42101030502,42101030502,"Census Tract 305.02, Philadelphia County, Pennsylvania",1512,327
1400000US42101030600,42101030600,"Census Tract 306, Philadelphia County, Pennsylvania",3517,586
1400000US42101030700,42101030700,"Census Tract 307, Philadelphia County, Pennsylvania",2203,367
1400000US42101030800,42101030800,"Census Tract 308, Philadelphia County, Pennsylvania",3503,482
1400000US42101030900,42101030900,"Census Tract 309, Philadelphia County, Pennsylvania",1773,470
1400000US42101031000,42101031000,"Census Tract 310, Philadelphia County, Pennsylvania",3438,657
1400000US42101031101,42101031101,"Census Tract 311.01, Philadelphia County, Pennsylvania",1655,419
1400000US42101031102,42101031102,"Census Tract 311.02, Philadelphia County, Pennsylvania",1336,420
1400000US42101031200,42101031200,"Census Tract 312, Philadelphia County, Pennsylvania",1512,322
1400000US42101031300,42101031300,"Census Tract 313, Philadelphia County, Pennsylvania",3109,576
1400000US42101031401,42101031401,"Census Tract 314.01, Philadelphia County, Pennsylvania",3028,602
1400000US42101031402,42101031402,"Census Tract 314.02, Philadelphia County, Pennsylvania",3029,549
1400000US42101031501,42101031501,"Census Tract 315.01, Philadelphia County, Pennsylvania",5073,599
1400000US42101031502,42101031502,"Census Tract 315.02, Philadelphia County, Pennsylvania",2871,402
1400000US42101031600,42101031600,"Census Tract 316, Philadelphia County, Pennsylvania",4441,497
1400000US42101031700,42101031700,"Census Tract 317, Philadelphia County, Pennsylvania",3585,504
1400000US42101031800,42101031800,"Census Tract 318, Philadelphia County, Pennsylvania",1490,254
1400000US42101031900,42101031900,"Census Tract 319, Philadelphia County, Pennsylvania",3009,487
1400000US42101032000,42101032000,"Census Tract 320, Philadelphia County, Pennsylvania",4819,744
1400000US42101032100,42101032100,"Census Tract 321, Philadelphia County, Pennsylvania",2178,354
1400000US42101032300,42101032300,"Census Tract 323, Philadelphia County, Pennsylvania",2403,334
1400000US42101032500,42101032500,"Census Tract 325, Philadelphia County, Pennsylvania",3969,505
1400000US42101032600,42101032600,"Census Tract 326, Philadelphia County, Pennsylvania",4901,574
1400000US42101032900,42101032900,"Census Tract 329, Philadelphia County, Pennsylvania",2387,593
1400000US42101033000,42101033000,"Census Tract 330, Philadelphia County, Pennsylvania",6631,586
1400000US42101033101,42101033101,"Census Tract 331.01, Philadelphia County, Pennsylvania",4275,411
1400000US42101033102,42101033102,"Census Tract 331.02, Philadelphia County, Pennsylvania",3278,430
1400000US42101033200,42101033200,"Census Tract 332, Philadelphia County, Pennsylvania",2497,268
1400000US42101033300,42101033300,"Census Tract 333, Philadelphia County, Pennsylvania",3283,435
1400000US42101033400,42101033400,"Census Tract 334, Philadelphia County, Pennsylvania",3409,365
1400000US42101033500,42101033500,"Census Tract 335, Philadelphia County, Pennsylvania",2524,504
1400000US42101033600,42101033600,"Census Tract 336, Philadelphia County, Pennsylvania",5414,706
1400000US42101033701,42101033701,"Census Tract 337.01, Philadelphia County, Pennsylvania",3997,631
1400000US42101033702,42101033702,"Census Tract 337.02, Philadelphia County, Pennsylvania",4072,493
1400000US42101033800,42101033800,"Census Tract 338, Philadelphia County, Pennsylvania",4761,426
1400000US42101033900,42101033900,"Census Tract 339, Philadelphia County, Pennsylvania",2252,215
1400000US42101034000,42101034000,"Census Tract 340, Philadelphia County, Pennsylvania",2508,323
1400000US42101034100,42101034100,"Census Tract 341, Philadelphia County, Pennsylvania",6307,706
1400000US42101034200,42101034200,"Census Tract 342, Philadelphia County, Pennsylvania",2933,293
1400000US42101034400,42101034400,"Census Tract 344, Philadelphia County, Pennsylvania",6683,593
1400000US42101034501,42101034501,"Census Tract 345.01, Philadelphia County, Pennsylvania",2677,561
1400000US42101034502,42101034502,"Census Tract 345.02, Philadelphia County, Pennsylvania",3284,597
1400000US42101034600,42101034600,"Census Tract 346, Philadelphia County, Pennsylvania",1473,268
1400000US42101034701,42101034701,"Census Tract 347.01, Philadelphia County, Pennsylvania",4551,541
1400000US42101034702,42101034702,"Census Tract 347.02, Philadelphia County, Pennsylvania",3360,448
1400000US42101034801,42101034801,"Census Tract 348.01, Philadelphia County, Pennsylvania",3632,406
1400000US42101034802,42101034802,"Census Tract 348.02, Philadelphia County, Pennsylvania",4002,725
1400000US42101034803,42101034803,"Census Tract 348.03, Philadelphia County, Pennsylvania",4017,405
1400000US42101034900,42101034900,"Census Tract 349, Philadelphia County, Pennsylvania",4294,562
1400000US42101035100,42101035100,"Census Tract 351, Philadelphia County, Pennsylvania",3283,422
1400000US42101035200,42101035200,"Census Tract 352, Philadelphia County, Pennsylvania",3809,431
1400000US42101035301,42101035301,"Census Tract 353.01, Philadelphia County, Pennsylvania",5001,364
1400000US42101035302,42101035302,"Census Tract 353.02, Philadelphia County, Pennsylvania",3949,303
1400000US42101035500,42101035500,"Census Tract 355, Philadelphia County, Pennsylvania",6391,568
1400000US42101035601,42101035601,"Census Tract 356.01, Philadelphia County, Pennsylvania",4608,369
1400000US42101035602,42101035602,"Census Tract 356.02, Philadelphia County, Pennsylvania",2260,232
1400000US42101035701,42101035701,"Census Tract 357.01, Philadelphia County, Pennsylvania",3316,473
1400000US42101035702,42101035702,"Census Tract 357.02, Philadelphia County, Pennsylvania",3491,431
1400000US42101035800,42101035800,"Census Tract 358, Philadelphia County, Pennsylvania",5305,380
1400000US42101035900,42101035900,"Census Tract 359, Philadelphia County, Pennsylvania",4095,449
1400000US42101036000,42101036000,"Census Tract 360, Philadelphia County, Pennsylvania",1949,328
1400000US42101036100,42101036100,"Census Tract 361, Philadelphia County, Pennsylvania",3216,407
1400000US42101036201,42101036201,"Census Tract 362.01, Philadelphia County, Pennsylvania",4251,460
1400000US42101036202,42101036202,"Census Tract 362.02, Philadelphia County, Pennsylvania",5302,514
1400000US42101036203,42101036203,"Census Tract 362.03, Philadelphia County, Pennsylvania",4504,482
1400000US42101036301,42101036301,"Census Tract 363.01, Philadelphia County, Pennsylvania",3211,323
1400000US42101036302,42101036302,"Census Tract 363.02, Philadelphia County, Pennsylvania",2795,464
1400000US42101036303,42101036303,"Census Tract 363.03, Philadelphia County, Pennsylvania",5707,408
1400000US42101036400,42101036400,"Census Tract 364, Philadelphia County, Pennsylvania",298,159
1400000US42101036501,42101036501,"Census Tract 365.01, Philadelphia County, Pennsylvania",4482,533
1400000US42101036502,42101036502,"Census Tract 365.02, Philadelphia County, Pennsylvania",3691,514
1400000US42101036600,42101036600,"Census Tract 366, Philadelphia County, Pennsylvania",1268,213
1400000US42101036700,42101036700,"Census Tract 367, Philadelphia County, Pennsylvania",1864,250
1400000US42101036900,42101036900,"Census Tract 369, Philadelphia County, Pennsylvania",3214,576
1400000US42101037200,42101037200,"Census Tract 372, Philadelphia County, Pennsylvania",3446,311
1400000US42101037300,42101037300,"Census Tract 373, Philadelphia County, Pennsylvania",4141,457
1400000US42101037500,42101037500,"Census Tract 375, Philadelphia County, Pennsylvania",2272,406
1400000US42101037600,42101037600,"Census Tract 376, Philadelphia County, Pennsylvania",1315,385
1400000US42101037700,42101037700,"Census Tract 377, Philadelphia County, Pennsylvania",1884,446
1400000US42101037800,42101037800,"Census Tract 378, Philadelphia County, Pennsylvania",1919,322
1400000US42101037900,42101037900,"Census Tract 379, Philadelphia County, Pennsylvania",4754,540
1400000US42101038000,42101038000,"Census Tract 380, Philadelphia County, Pennsylvania",1935,311
1400000US42101038100,42101038100,"Census Tract 381, Philadelphia County, Pennsylvania",550,140
1400000US42101038200,42101038200,"Census Tract 382, Philadelphia County, Pennsylvania",1516,262
1400000US42101038300,42101038300,"Census Tract 383, Philadelphia County, Pennsylvania",1043,339
1400000US42101038400,42101038400,"Census Tract 384, Philadelphia County, Pennsylvania",2162,230
1400000US42101038500,42101038500,"Census Tract 385, Philadelphia County, Pennsylvania",1711,157
1400000US42101038600,42101038600,"Census Tract 386, Philadelphia County, Pennsylvania",1163,142
1400000US42101038700,42101038700,"Census Tract 387, Philadelphia County, Pennsylvania",1983,220
1400000US42101038800,42101038800,"Census Tract 388, Philadelphia County, Pennsylvania",1912,202
1400000US42101038900,42101038900,"Census Tract 389, Philadelphia County, Pennsylvania",265,155
1400000US42101039000,42101039000,"Census Tract 390, Philadelphia County, Pennsylvania",2023,516
1400000US42101980000,42101980000,"Census Tract 9800, Philadelphia County, Pennsylvania",752,444
1400000US42101980100,42101980100,"Census Tract 9801, Philadelphia County, Pennsylvania",59,29
1400000US42101980200,42101980200,"Census Tract 9802, Philadelphia County, Pennsylvania",266,136
1400000US42101980300,42101980300,"Census Tract 9803, Philadelphia County, Pennsylvania",0,10
1400000US42101980400,42101980400,"Census Tract 9804, Philadelphia County, Pennsylvania",0,10
1400000US42101980500,42101980500,"Census Tract 9805, Philadelphia County, Pennsylvania",0,10
1400000US42101980600,42101980600,"Census Tract 9806, Philadelphia County, Pennsylvania",0,10
1400000US42101980700,42101980700,"Census Tract 9807, Philadelphia County, Pennsylvania",0,10
1400000US42101980800,42101980800,"Census Tract 9808, Philadelphia County, Pennsylvania",0,10
1400000US42101980900,42101980900,"Census Tract 9809, Philadelphia County, Pennsylvania",4,6
1400000US42101989100,42101989100,"Census Tract 9891, Philadelphia County, Pennsylvania",993,202
