GEO.id,GEO.id2,GEO.display-label,HD01_VD01,HD02_VD01
Id,Id2,Geography,Estimate; Total,Margin of Error; Total
1400000US42101000100,42101000100,"Census Tract 1, Philadelphia County, Pennsylvania",3399,429
1400000US42101000200,42101000200,"Census Tract 2, Philadelphia County, Pennsylvania",2215,381
1400000US42101000300,42101000300,"Census Tract 3, Philadelphia County, Pennsylvania",3398,431
1400000US42101000401,42101000401,"Census Tract 4.01, Philadelphia County, Pennsylvania",2458,275
1400000US42101000402,42101000402,"Census Tract 4.02, Philadelphia County, Pennsylvania",2892,276
1400000US42101000500,42101000500,"Census Tract 5, Philadelphia County, Pennsylvania",2267,678
1400000US42101000600,42101000600,"Census Tract 6, Philadelphia County, Pennsylvania",1534,316
1400000US42101000700,42101000700,"Census Tract 7, Philadelphia County, Pennsylvania",2697,310
1400000US42101000801,42101000801,"Census Tract 8.01, Philadelphia County, Pennsylvania",1729,195
1400000US42101000803,42101000803,"Census Tract 8.03, Philadelphia County, Pennsylvania",3556,330
1400000US42101000804,42101000804,"Census Tract 8.04, Philadelphia County, Pennsylvania",3560,411
1400000US42101000901,42101000901,"Census Tract 9.01, Philadelphia County, Pennsylvania",1976,238
1400000US42101000902,42101000902,"Census Tract 9.02, Philadelphia County, Pennsylvania",2457,333
1400000US42101001001,42101001001,"Census Tract 10.01, Philadelphia County, Pennsylvania",2594,329
1400000US42101001002,42101001002,"Census Tract 10.02, Philadelphia County, Pennsylvania",3450,304
1400000US42101001101,42101001101,"Census Tract 11.01, Philadelphia County, Pennsylvania",3336,438
1400000US42101001102,42101001102,"Census Tract 11.02, Philadelphia County, Pennsylvania",2540,263
1400000US42101001201,42101001201,"Census Tract 12.01, Philadelphia County, Pennsylvania",3842,428
1400000US42101001202,42101001202,"Census Tract 12.02, Philadelphia County, Pennsylvania",4899,468
1400000US42101001300,42101001300,"Census Tract 13, Philadelphia County, Pennsylvania",5232,413
1400000US42101001400,42101001400,"Census Tract 14, Philadelphia County, Pennsylvania",4169,498
1400000US42101001500,42101001500,"Census Tract 15, Philadelphia County, Pennsylvania",2810,329
1400000US42101001600,42101001600,"Census Tract 16, Philadelphia County, Pennsylvania",1960,263
1400000US42101001700,42101001700,"Census Tract 17, Philadelphia County, Pennsylvania",2997,234
1400000US42101001800,42101001800,"Census Tract 18, Philadelphia County, Pennsylvania",2879,269
1400000US42101001900,42101001900,"Census Tract 19, Philadelphia County, Pennsylvania",2919,307
1400000US42101002000,42101002000,"Census Tract 20, Philadelphia County, Pennsylvania",2252,364
1400000US42101002100,42101002100,"Census Tract 21, Philadelphia County, Pennsylvania",1897,259
1400000US42101002200,42101002200,"Census Tract 22, Philadelphia County, Pennsylvania",2167,297
1400000US42101002300,42101002300,"Census Tract 23, Philadelphia County, Pennsylvania",2568,277
1400000US42101002400,42101002400,"Census Tract 24, Philadelphia County, Pennsylvania",4528,590
1400000US42101002500,42101002500,"Census Tract 25, Philadelphia County, Pennsylvania",3582,393
1400000US42101002701,42101002701,"Census Tract 27.01, Philadelphia County, Pennsylvania",3885,470
1400000US42101002702,42101002702,"Census Tract 27.02, Philadelphia County, Pennsylvania",3562,408
1400000US42101002801,42101002801,"Census Tract 28.01, Philadelphia County, Pennsylvania",4356,655
1400000US42101002802,42101002802,"Census Tract 28.02, Philadelphia County, Pennsylvania",4842,614
1400000US42101002900,42101002900,"Census Tract 29, Philadelphia County, Pennsylvania",4387,394
1400000US42101003001,42101003001,"Census Tract 30.01, Philadelphia County, Pennsylvania",4445,458
1400000US42101003002,42101003002,"Census Tract 30.02, Philadelphia County, Pennsylvania",3241,476
1400000US42101003100,42101003100,"Census Tract 31, Philadelphia County, Pennsylvania",3802,505
1400000US42101003200,42101003200,"Census Tract 32, Philadelphia County, Pennsylvania",4397,648
1400000US42101003300,42101003300,"Census Tract 33, Philadelphia County, Pennsylvania",5923,1010
1400000US42101003600,42101003600,"Census Tract 36, Philadelphia County, Pennsylvania",7433,878
1400000US42101003701,42101003701,"Census Tract 37.01, Philadelphia County, Pennsylvania",6399,945
1400000US42101003702,42101003702,"Census Tract 37.02, Philadelphia County, Pennsylvania",3599,379
1400000US42101003800,42101003800,"Census Tract 38, Philadelphia County, Pennsylvania",3734,361
1400000US42101003901,42101003901,"Census Tract 39.01, Philadelphia County, Pennsylvania",6998,837
1400000US42101003902,42101003902,"Census Tract 39.02, Philadelphia County, Pennsylvania",5920,546
1400000US42101004001,42101004001,"Census Tract 40.01, Philadelphia County, Pennsylvania",4054,445
1400000US42101004002,42101004002,"Census Tract 40.02, Philadelphia County, Pennsylvania",4560,420
1400000US42101004101,42101004101,"Census Tract 41.01, Philadelphia County, Pennsylvania",6355,947
1400000US42101004102,42101004102,"Census Tract 41.02, Philadelphia County, Pennsylvania",8751,1039
1400000US42101004201,42101004201,"Census Tract 42.01, Philadelphia County, Pennsylvania",5745,439
1400000US42101004202,42101004202,"Census Tract 42.02, Philadelphia County, Pennsylvania",5189,585
1400000US42101005000,42101005000,"Census Tract 50, Philadelphia County, Pennsylvania",0,10
1400000US42101005400,42101005400,"Census Tract 54, Philadelphia County, Pennsylvania",1141,141
1400000US42101005500,42101005500,"Census Tract 55, Philadelphia County, Pennsylvania",6871,689
1400000US42101005600,42101005600,"Census Tract 56, Philadelphia County, Pennsylvania",1188,185
1400000US42101006000,42101006000,"Census Tract 60, Philadelphia County, Pennsylvania",5740,620
1400000US42101006100,42101006100,"Census Tract 61, Philadelphia County, Pennsylvania",3603,386
1400000US42101006200,42101006200,"Census Tract 62, Philadelphia County, Pennsylvania",4709,597
1400000US42101006300,42101006300,"Census Tract 63, Philadelphia County, Pennsylvania",3920,632
1400000US42101006400,42101006400,"Census Tract 64, Philadelphia County, Pennsylvania",3733,557
1400000US42101006500,42101006500,"Census Tract 65, Philadelphia County, Pennsylvania",4372,447
1400000US42101006600,42101006600,"Census Tract 66, Philadelphia County, Pennsylvania",3598,498
1400000US42101006700,42101006700,"Census Tract 67, Philadelphia County, Pennsylvania",7216,781
1400000US42101006900,42101006900,"Census Tract 69, Philadelphia County, Pennsylvania",2619,535
1400000US42101007000,42101007000,"Census Tract 70, Philadelphia County, Pennsylvania",4595,705
1400000US42101007101,42101007101,"Census Tract 71.01, Philadelphia County, Pennsylvania",3145,379
1400000US42101007102,42101007102,"Census Tract 71.02, Philadelphia County, Pennsylvania",4720,614
1400000US42101007200,42101007200,"Census Tract 72, Philadelphia County, Pennsylvania",4597,713
1400000US42101007300,42101007300,"Census Tract 73, Philadelphia County, Pennsylvania",3238,384
1400000US42101007400,42101007400,"Census Tract 74, Philadelphia County, Pennsylvania",4283,706
1400000US42101007700,42101007700,"Census Tract 77, Philadelphia County, Pennsylvania",2345,313
1400000US42101007800,42101007800,"Census Tract 78, Philadelphia County, Pennsylvania",3967,453
1400000US42101007900,42101007900,"Census Tract 79, Philadelphia County, Pennsylvania",4360,458
1400000US42101008000,42101008000,"Census Tract 80, Philadelphia County, Pennsylvania",3851,598
1400000US42101008101,42101008101,"Census Tract 81.01, Philadelphia County, Pennsylvania",2141,345
1400000US42101008102,42101008102,"Census Tract 81.02, Philadelphia County, Pennsylvania",5780,609
1400000US42101008200,42101008200,"Census Tract 82, Philadelphia County, Pennsylvania",7548,918
1400000US42101008301,42101008301,"Census Tract 83.01, Philadelphia County, Pennsylvania",4399,459
1400000US42101008302,42101008302,"Census Tract 83.02, Philadelphia County, Pennsylvania",4136,472
1400000US42101008400,42101008400,"Census Tract 84, Philadelphia County, Pennsylvania",5133,639
1400000US42101008500,42101008500,"Census Tract 85, Philadelphia County, Pennsylvania",6755,776
1400000US42101008601,42101008601,"Census Tract 86.01, Philadelphia County, Pennsylvania",3101,522
1400000US42101008602,42101008602,"Census Tract 86.02, Philadelphia County, Pennsylvania",3208,701
1400000US42101008701,42101008701,"Census Tract 87.01, Philadelphia County, Pennsylvania",5244,914
1400000US42101008702,42101008702,"Census Tract 87.02, Philadelphia County, Pennsylvania",3428,724
1400000US42101008801,42101008801,"Census Tract 88.01, Philadelphia County, Pennsylvania",1745,408
1400000US42101008802,42101008802,"Census Tract 88.02, Philadelphia County, Pennsylvania",7255,1436
1400000US42101009000,42101009000,"Census Tract 90, Philadelphia County, Pennsylvania",5428,563
1400000US42101009100,42101009100,"Census Tract 91, Philadelphia County, Pennsylvania",2419,234
1400000US42101009200,42101009200,"Census Tract 92, Philadelphia County, Pennsylvania",3354,450
1400000US42101009300,42101009300,"Census Tract 93, Philadelphia County, Pennsylvania",3846,459
1400000US42101009400,42101009400,"Census Tract 94, Philadelphia County, Pennsylvania",4139,361
1400000US42101009500,42101009500,"Census Tract 95, Philadelphia County, Pennsylvania",3488,607
1400000US42101009600,42101009600,"Census Tract 96, Philadelphia County, Pennsylvania",4472,676
1400000US42101009801,42101009801,"Census Tract 98.01, Philadelphia County, Pennsylvania",2600,269
1400000US42101009802,42101009802,"Census Tract 98.02, Philadelphia County, Pennsylvania",6132,566
1400000US42101010000,42101010000,"Census Tract 100, Philadelphia County, Pennsylvania",4886,474
1400000US42101010100,42101010100,"Census Tract 101, Philadelphia County, Pennsylvania",5028,889
1400000US42101010200,42101010200,"Census Tract 102, Philadelphia County, Pennsylvania",2887,591
1400000US42101010300,42101010300,"Census Tract 103, Philadelphia County, Pennsylvania",2470,376
1400000US42101010400,42101010400,"Census Tract 104, Philadelphia County, Pennsylvania",3065,576
1400000US42101010500,42101010500,"Census Tract 105, Philadelphia County, Pennsylvania",3618,438
1400000US42101010600,42101010600,"Census Tract 106, Philadelphia County, Pennsylvania",1468,271
1400000US42101010700,42101010700,"Census Tract 107, Philadelphia County, Pennsylvania",3803,620
1400000US42101010800,42101010800,"Census Tract 108, Philadelphia County, Pennsylvania",3616,532
1400000US42101010900,42101010900,"Census Tract 109, Philadelphia County, Pennsylvania",1978,313
1400000US42101011000,42101011000,"Census Tract 110, Philadelphia County, Pennsylvania",3571,499
1400000US42101011100,42101011100,"Census Tract 111, Philadelphia County, Pennsylvania",3195,518
1400000US42101011200,42101011200,"Census Tract 112, Philadelphia County, Pennsylvania",4718,759
1400000US42101011300,42101011300,"Census Tract 113, Philadelphia County, Pennsylvania",3127,556
1400000US42101011400,42101011400,"Census Tract 114, Philadelphia County, Pennsylvania",7708,694
1400000US42101011500,42101011500,"Census Tract 115, Philadelphia County, Pennsylvania",4473,407
1400000US42101011700,42101011700,"Census Tract 117, Philadelphia County, Pennsylvania",2027,347
1400000US42101011800,42101011800,"Census Tract 118, Philadelphia County, Pennsylvania",5879,646
1400000US42101011900,42101011900,"Census Tract 119, Philadelphia County, Pennsylvania",5224,634
1400000US42101012000,42101012000,"Census Tract 120, Philadelphia County, Pennsylvania",1906,187
1400000US42101012100,42101012100,"Census Tract 121, Philadelphia County, Pennsylvania",2952,305
1400000US42101012201,42101012201,"Census Tract 122.01, Philadelphia County, Pennsylvania",3014,393
1400000US42101012203,42101012203,"Census Tract 122.03, Philadelphia County, Pennsylvania",1272,234
1400000US42101012204,42101012204,"Census Tract 122.04, Philadelphia County, Pennsylvania",2944,313
1400000US42101012500,42101012500,"Census Tract 125, Philadelphia County, Pennsylvania",4905,442
1400000US42101013100,42101013100,"Census Tract 131, Philadelphia County, Pennsylvania",1596,204
1400000US42101013200,42101013200,"Census Tract 132, Philadelphia County, Pennsylvania",2861,468
1400000US42101013300,42101013300,"Census Tract 133, Philadelphia County, Pennsylvania",3183,415
1400000US42101013401,42101013401,"Census Tract 134.01, Philadelphia County, Pennsylvania",2460,240
1400000US42101013402,42101013402,"Census Tract 134.02, Philadelphia County, Pennsylvania",2751,268
1400000US42101013500,42101013500,"Census Tract 135, Philadelphia County, Pennsylvania",3218,370
1400000US42101013601,42101013601,"Census Tract 136.01, Philadelphia County, Pennsylvania",2694,472
1400000US42101013602,42101013602,"Census Tract 136.02, Philadelphia County, Pennsylvania",3985,455
1400000US42101013700,42101013700,"Census Tract 137, Philadelphia County, Pennsylvania",4362,529
1400000US42101013800,42101013800,"Census Tract 138, Philadelphia County, Pennsylvania",2004,458
1400000US42101013900,42101013900,"Census Tract 139, Philadelphia County, Pennsylvania",3236,589
1400000US42101014000,42101014000,"Census Tract 140, Philadelphia County, Pennsylvania",2936,399
1400000US42101014100,42101014100,"Census Tract 141, Philadelphia County, Pennsylvania",2098,316
1400000US42101014200,42101014200,"Census Tract 142, Philadelphia County, Pennsylvania",3579,334
1400000US42101014300,42101014300,"Census Tract 143, Philadelphia County, Pennsylvania",1622,187
1400000US42101014400,42101014400,"Census Tract 144, Philadelphia County, Pennsylvania",3054,436
1400000US42101014500,42101014500,"Census Tract 145, Philadelphia County, Pennsylvania",1653,259
1400000US42101014600,42101014600,"Census Tract 146, Philadelphia County, Pennsylvania",3332,420
1400000US42101014700,42101014700,"Census Tract 147, Philadelphia County, Pennsylvania",3584,520
1400000US42101014800,42101014800,"Census Tract 148, Philadelphia County, Pennsylvania",805,235
1400000US42101014900,42101014900,"Census Tract 149, Philadelphia County, Pennsylvania",3026,508
1400000US42101015101,42101015101,"Census Tract 151.01, Philadelphia County, Pennsylvania",2071,436
1400000US42101015102,42101015102,"Census Tract 151.02, Philadelphia County, Pennsylvania",4072,511
1400000US42101015200,42101015200,"Census Tract 152, Philadelphia County, Pennsylvania",6202,861
1400000US42101015300,42101015300,"Census Tract 153, Philadelphia County, Pennsylvania",4421,654
1400000US42101015600,42101015600,"Census Tract 156, Philadelphia County, Pennsylvania",1925,320
1400000US42101015700,42101015700,"Census Tract 157, Philadelphia County, Pennsylvania",2749,392
1400000US42101015800,42101015800,"Census Tract 158, Philadelphia County, Pennsylvania",5542,511
1400000US42101016000,42101016000,"Census Tract 160, Philadelphia County, Pennsylvania",6963,754
1400000US42101016100,42101016100,"Census Tract 161, Philadelphia County, Pennsylvania",5041,650
1400000US42101016200,42101016200,"Census Tract 162, Philadelphia County, Pennsylvania",2049,267
1400000US42101016300,42101016300,"Census Tract 163, Philadelphia County, Pennsylvania",4093,615
1400000US42101016400,42101016400,"Census Tract 164, Philadelphia County, Pennsylvania",4405,556
1400000US42101016500,42101016500,"Census Tract 165, Philadelphia County, Pennsylvania",2170,389
1400000US42101016600,42101016600,"Census Tract 166, Philadelphia County, Pennsylvania",1567,255
1400000US42101016701,42101016701,"Census Tract 167.01, Philadelphia County, Pennsylvania",2635,472
1400000US42101016702,42101016702,"Census Tract 167.02, Philadelphia County, Pennsylvania",3165,603
1400000US42101016800,42101016800,"Census Tract 168, Philadelphia County, Pennsylvania",4457,585
1400000US42101016901,42101016901,"Census Tract 169.01, Philadelphia County, Pennsylvania",3622,548
1400000US42101016902,42101016902,"Census Tract 169.02, Philadelphia County, Pennsylvania",5500,826
1400000US42101017000,42101017000,"Census Tract 170, Philadelphia County, Pennsylvania",3239,301
1400000US42101017100,42101017100,"Census Tract 171, Philadelphia County, Pennsylvania",3902,486
1400000US42101017201,42101017201,"Census Tract 172.01, Philadelphia County, Pennsylvania",3411,482
1400000US42101017202,42101017202,"Census Tract 172.02, Philadelphia County, Pennsylvania",3363,551
1400000US42101017300,42101017300,"Census Tract 173, Philadelphia County, Pennsylvania",3273,460
1400000US42101017400,42101017400,"Census Tract 174, Philadelphia County, Pennsylvania",1992,272
1400000US42101017500,42101017500,"Census Tract 175, Philadelphia County, Pennsylvania",7431,1010
1400000US42101017601,42101017601,"Census Tract 176.01, Philadelphia County, Pennsylvania",5588,748
1400000US42101017602,42101017602,"Census Tract 176.02, Philadelphia County, Pennsylvania",3766,467
1400000US42101017701,42101017701,"Census Tract 177.01, Philadelphia County, Pennsylvania",3831,556
1400000US42101017702,42101017702,"Census Tract 177.02, Philadelphia County, Pennsylvania",6171,897
1400000US42101017800,42101017800,"Census Tract 178, Philadelphia County, Pennsylvania",7100,763
1400000US42101017900,42101017900,"Census Tract 179, Philadelphia County, Pennsylvania",6442,1286
1400000US42101018001,42101018001,"Census Tract 180.01, Philadelphia County, Pennsylvania",2610,415
1400000US42101018002,42101018002,"Census Tract 180.02, Philadelphia County, Pennsylvania",5341,620
1400000US42101018300,42101018300,"Census Tract 183, Philadelphia County, Pennsylvania",4086,324
1400000US42101018400,42101018400,"Census Tract 184, Philadelphia County, Pennsylvania",2379,257
1400000US42101018800,42101018800,"Census Tract 188, Philadelphia County, Pennsylvania",8877,908
1400000US42101019000,42101019000,"Census Tract 190, Philadelphia County, Pennsylvania",8032,1004
1400000US42101019100,42101019100,"Census Tract 191, Philadelphia County, Pennsylvania",8329,772
1400000US42101019200,42101019200,"Census Tract 192, Philadelphia County, Pennsylvania",8105,886
1400000US42101019501,42101019501,"Census Tract 195.01, Philadelphia County, Pennsylvania",4361,800
1400000US42101019502,42101019502,"Census Tract 195.02, Philadelphia County, Pennsylvania",3604,635
1400000US42101019700,42101019700,"Census Tract 197, Philadelphia County, Pennsylvania",6570,808
1400000US42101019800,42101019800,"Census Tract 198, Philadelphia County, Pennsylvania",6615,732
1400000US42101019900,42101019900,"Census Tract 199, Philadelphia County, Pennsylvania",4466,636
1400000US42101020000,42101020000,"Census Tract 200, Philadelphia County, Pennsylvania",1353,261
1400000US42101020101,42101020101,"Census Tract 201.01, Philadelphia County, Pennsylvania",4182,604
1400000US42101020102,42101020102,"Census Tract 201.02, Philadelphia County, Pennsylvania",3444,639
1400000US42101020200,42101020200,"Census Tract 202, Philadelphia County, Pennsylvania",5197,789
1400000US42101020300,42101020300,"Census Tract 203, Philadelphia County, Pennsylvania",2808,379
1400000US42101020400,42101020400,"Census Tract 204, Philadelphia County, Pennsylvania",2733,421
1400000US42101020500,42101020500,"Census Tract 205, Philadelphia County, Pennsylvania",2562,463
1400000US42101020600,42101020600,"Census Tract 206, Philadelphia County, Pennsylvania",2089,282
1400000US42101020700,42101020700,"Census Tract 207, Philadelphia County, Pennsylvania",5825,511
1400000US42101020800,42101020800,"Census Tract 208, Philadelphia County, Pennsylvania",2352,291
1400000US42101020900,42101020900,"Census Tract 209, Philadelphia County, Pennsylvania",3065,473
1400000US42101021000,42101021000,"Census Tract 210, Philadelphia County, Pennsylvania",5119,610
1400000US42101021100,42101021100,"Census Tract 211, Philadelphia County, Pennsylvania",2273,270
1400000US42101021200,42101021200,"Census Tract 212, Philadelphia County, Pennsylvania",2357,270
1400000US42101021300,42101021300,"Census Tract 213, Philadelphia County, Pennsylvania",3263,369
1400000US42101021400,42101021400,"Census Tract 214, Philadelphia County, Pennsylvania",3618,519
1400000US42101021500,42101021500,"Census Tract 215, Philadelphia County, Pennsylvania",3619,388
1400000US42101021600,42101021600,"Census Tract 216, Philadelphia County, Pennsylvania",2081,276
1400000US42101021700,42101021700,"Census Tract 217, Philadelphia County, Pennsylvania",5908,493
1400000US42101021800,42101021800,"Census Tract 218, Philadelphia County, Pennsylvania",3988,456
1400000US42101021900,42101021900,"Census Tract 219, Philadelphia County, Pennsylvania",1519,159
1400000US42101022000,42101022000,"Census Tract 220, Philadelphia County, Pennsylvania",1828,193
1400000US42101023100,42101023100,"Census Tract 231, Philadelphia County, Pennsylvania",1179,91
1400000US42101023500,42101023500,"Census Tract 235, Philadelphia County, Pennsylvania",1322,129
1400000US42101023600,42101023600,"Census Tract 236, Philadelphia County, Pennsylvania",2904,323
1400000US42101023700,42101023700,"Census Tract 237, Philadelphia County, Pennsylvania",4979,487
1400000US42101023800,42101023800,"Census Tract 238, Philadelphia County, Pennsylvania",4368,473
1400000US42101023900,42101023900,"Census Tract 239, Philadelphia County, Pennsylvania",1484,204
1400000US42101024000,42101024000,"Census Tract 240, Philadelphia County, Pennsylvania",3838,494
1400000US42101024100,42101024100,"Census Tract 241, Philadelphia County, Pennsylvania",1225,221
1400000US42101024200,42101024200,"Census Tract 242, Philadelphia County, Pennsylvania",4201,643
1400000US42101024300,42101024300,"Census Tract 243, Philadelphia County, Pennsylvania",4164,819
1400000US42101024400,42101024400,"Census Tract 244, Philadelphia County, Pennsylvania",3143,1074
1400000US42101024500,42101024500,"Census Tract 245, Philadelphia County, Pennsylvania",3443,488
1400000US42101024600,42101024600,"Census Tract 246, Philadelphia County, Pennsylvania",3116,475
1400000US42101024700,42101024700,"Census Tract 247, Philadelphia County, Pennsylvania",4381,638
1400000US42101024800,42101024800,"Census Tract 248, Philadelphia County, Pennsylvania",2213,319
1400000US42101024900,42101024900,"Census Tract 249, Philadelphia County, Pennsylvania",3210,516
1400000US42101025200,42101025200,"Census Tract 252, Philadelphia County, Pennsylvania",8204,1091
1400000US42101025300,42101025300,"Census Tract 253, Philadelphia County, Pennsylvania",3981,563
1400000US42101025400,42101025400,"Census Tract 254, Philadelphia County, Pennsylvania",4592,390
1400000US42101025500,42101025500,"Census Tract 255, Philadelphia County, Pennsylvania",3084,475
1400000US42101025600,42101025600,"Census Tract 256, Philadelphia County, Pennsylvania",3118,285
1400000US42101025700,42101025700,"Census Tract 257, Philadelphia County, Pennsylvania",3407,315
1400000US42101025800,42101025800,"Census Tract 258, Philadelphia County, Pennsylvania",1586,184
1400000US42101025900,42101025900,"Census Tract 259, Philadelphia County, Pennsylvania",4931,628
1400000US42101026000,42101026000,"Census Tract 260, Philadelphia County, Pennsylvania",2783,519
1400000US42101026100,42101026100,"Census Tract 261, Philadelphia County, Pennsylvania",3113,395
1400000US42101026200,42101026200,"Census Tract 262, Philadelphia County, Pennsylvania",4702,416
1400000US42101026301,42101026301,"Census Tract 263.01, Philadelphia County, Pennsylvania",4124,461
1400000US42101026302,42101026302,"Census Tract 263.02, Philadelphia County, Pennsylvania",5399,878
1400000US42101026400,42101026400,"Census Tract 264, Philadelphia County, Pennsylvania",5596,802
1400000US42101026500,42101026500,"Census Tract 265, Philadelphia County, Pennsylvania",4957,639
1400000US42101026600,42101026600,"Census Tract 266, Philadelphia County, Pennsylvania",6711,676
1400000US42101026700,42101026700,"Census Tract 267, Philadelphia County, Pennsylvania",7265,847
1400000US42101026800,42101026800,"Census Tract 268, Philadelphia County, Pennsylvania",5010,585
1400000US42101026900,42101026900,"Census Tract 269, Philadelphia County, Pennsylvania",2141,300
1400000US42101027000,42101027000,"Census Tract 270, Philadelphia County, Pennsylvania",2067,337
1400000US42101027100,42101027100,"Census Tract 271, Philadelphia County, Pennsylvania",2905,367
1400000US42101027200,42101027200,"Census Tract 272, Philadelphia County, Pennsylvania",4773,400
1400000US42101027300,42101027300,"Census Tract 273, Philadelphia County, Pennsylvania",7563,624
1400000US42101027401,42101027401,"Census Tract 274.01, Philadelphia County, Pennsylvania",2919,395
1400000US42101027402,42101027402,"Census Tract 274.02, Philadelphia County, Pennsylvania",7124,738
1400000US42101027500,42101027500,"Census Tract 275, Philadelphia County, Pennsylvania",4644,390
1400000US42101027600,42101027600,"Census Tract 276, Philadelphia County, Pennsylvania",3869,439
1400000US42101027700,42101027700,"Census Tract 277, Philadelphia County, Pennsylvania",4699,622
1400000US42101027800,42101027800,"Census Tract 278, Philadelphia County, Pennsylvania",4560,616
1400000US42101027901,42101027901,"Census Tract 279.01, Philadelphia County, Pennsylvania",4951,927
1400000US42101027902,42101027902,"Census Tract 279.02, Philadelphia County, Pennsylvania",4437,469
1400000US42101028000,42101028000,"Census Tract 280, Philadelphia County, Pennsylvania",4165,443
1400000US42101028100,42101028100,"Census Tract 281, Philadelphia County, Pennsylvania",3433,337
1400000US42101028200,42101028200,"Census Tract 282, Philadelphia County, Pennsylvania",5056,634
1400000US42101028300,42101028300,"Census Tract 283, Philadelphia County, Pennsylvania",5901,808
1400000US42101028400,42101028400,"Census Tract 284, Philadelphia County, Pennsylvania",4863,696
1400000US42101028500,42101028500,"Census Tract 285, Philadelphia County, Pennsylvania",2698,393
1400000US42101028600,42101028600,"Census Tract 286, Philadelphia County, Pennsylvania",8100,854
1400000US42101028700,42101028700,"Census Tract 287, Philadelphia County, Pennsylvania",2502,377
1400000US42101028800,42101028800,"Census Tract 288, Philadelphia County, Pennsylvania",4734,568
1400000US42101028901,42101028901,"Census Tract 289.01, Philadelphia County, Pennsylvania",4224,531
1400000US42101028902,42101028902,"Census Tract 289.02, Philadelphia County, Pennsylvania",7189,809
1400000US42101029000,42101029000,"Census Tract 290, Philadelphia County, Pennsylvania",6738,648
1400000US42101029100,42101029100,"Census Tract 291, Philadelphia County, Pennsylvania",4055,561
1400000US42101029200,42101029200,"Census Tract 292, Philadelphia County, Pennsylvania",3590,439
1400000US42101029300,42101029300,"Census Tract 293, Philadelphia County, Pennsylvania",3032,565
1400000US42101029400,42101029400,"Census Tract 294, Philadelphia County, Pennsylvania",3139,485
1400000US42101029800,42101029800,"Census Tract 298, Philadelphia County, Pennsylvania",4890,507
1400000US42101029900,42101029900,"Census Tract 299, Philadelphia County, Pennsylvania",4070,456
1400000US42101030000,42101030000,"Census Tract 300, Philadelphia County, Pennsylvania",7642,794
1400000US42101030100,42101030100,"Census Tract 301, Philadelphia County, Pennsylvania",5109,726
1400000US42101030200,42101030200,"Census Tract 302, Philadelphia County, Pennsylvania",7148,953
1400000US42101030501,42101030501,"Census Tract 305.01, Philadelphia County, Pennsylvania",5526,676
1400000US42101030502,42101030502,"Census Tract 305.02, Philadelphia County, Pennsylvania",6341,718
1400000US42101030600,42101030600,"Census Tract 306, Philadelphia County, Pennsylvania",7680,967
1400000US42101030700,42101030700,"Census Tract 307, Philadelphia County, Pennsylvania",3781,557
1400000US42101030800,42101030800,"Census Tract 308, Philadelphia County, Pennsylvania",5147,557
1400000US42101030900,42101030900,"Census Tract 309, Philadelphia County, Pennsylvania",4716,490
1400000US42101031000,42101031000,"Census Tract 310, Philadelphia County, Pennsylvania",7774,924
1400000US42101031101,42101031101,"Census Tract 311.01, Philadelphia County, Pennsylvania",5415,620
1400000US42101031102,42101031102,"Census Tract 311.02, Philadelphia County, Pennsylvania",3959,490
1400000US42101031200,42101031200,"Census Tract 312, Philadelphia County, Pennsylvania",4680,390
1400000US42101031300,42101031300,"Census Tract 313, Philadelphia County, Pennsylvania",5842,787
1400000US42101031401,42101031401,"Census Tract 314.01, Philadelphia County, Pennsylvania",7151,688
1400000US42101031402,42101031402,"Census Tract 314.02, Philadelphia County, Pennsylvania",5830,490
1400000US42101031501,42101031501,"Census Tract 315.01, Philadelphia County, Pennsylvania",6187,465
1400000US42101031502,42101031502,"Census Tract 315.02, Philadelphia County, Pennsylvania",3451,399
1400000US42101031600,42101031600,"Census Tract 316, Philadelphia County, Pennsylvania",6043,613
1400000US42101031700,42101031700,"Census Tract 317, Philadelphia County, Pennsylvania",6117,777
1400000US42101031800,42101031800,"Census Tract 318, Philadelphia County, Pennsylvania",3886,473
1400000US42101031900,42101031900,"Census Tract 319, Philadelphia County, Pennsylvania",4490,611
1400000US42101032000,42101032000,"Census Tract 320, Philadelphia County, Pennsylvania",7022,788
1400000US42101032100,42101032100,"Census Tract 321, Philadelphia County, Pennsylvania",3773,540
1400000US42101032300,42101032300,"Census Tract 323, Philadelphia County, Pennsylvania",3424,415
1400000US42101032500,42101032500,"Census Tract 325, Philadelphia County, Pennsylvania",5756,699
1400000US42101032600,42101032600,"Census Tract 326, Philadelphia County, Pennsylvania",6776,639
1400000US42101032900,42101032900,"Census Tract 329, Philadelphia County, Pennsylvania",3658,604
1400000US42101033000,42101033000,"Census Tract 330, Philadelphia County, Pennsylvania",8122,750
1400000US42101033101,42101033101,"Census Tract 331.01, Philadelphia County, Pennsylvania",4658,420
1400000US42101033102,42101033102,"Census Tract 331.02, Philadelphia County, Pennsylvania",3611,423
1400000US42101033200,42101033200,"Census Tract 332, Philadelphia County, Pennsylvania",2670,254
1400000US42101033300,42101033300,"Census Tract 333, Philadelphia County, Pennsylvania",4160,398
1400000US42101033400,42101033400,"Census Tract 334, Philadelphia County, Pennsylvania",5319,418
1400000US42101033500,42101033500,"Census Tract 335, Philadelphia County, Pennsylvania",3783,385
1400000US42101033600,42101033600,"Census Tract 336, Philadelphia County, Pennsylvania",7033,708
1400000US42101033701,42101033701,"Census Tract 337.01, Philadelphia County, Pennsylvania",4700,574
1400000US42101033702,42101033702,"Census Tract 337.02, Philadelphia County, Pennsylvania",5325,399
1400000US42101033800,42101033800,"Census Tract 338, Philadelphia County, Pennsylvania",6210,512
1400000US42101033900,42101033900,"Census Tract 339, Philadelphia County, Pennsylvania",2903,274
1400000US42101034000,42101034000,"Census Tract 340, Philadelphia County, Pennsylvania",3095,221
1400000US42101034100,42101034100,"Census Tract 341, Philadelphia County, Pennsylvania",6731,691
1400000US42101034200,42101034200,"Census Tract 342, Philadelphia County, Pennsylvania",3571,261
1400000US42101034400,42101034400,"Census Tract 344, Philadelphia County, Pennsylvania",8140,537
1400000US42101034501,42101034501,"Census Tract 345.01, Philadelphia County, Pennsylvania",3683,574
1400000US42101034502,42101034502,"Census Tract 345.02, Philadelphia County, Pennsylvania",5312,833
1400000US42101034600,42101034600,"Census Tract 346, Philadelphia County, Pennsylvania",2616,351
1400000US42101034701,42101034701,"Census Tract 347.01, Philadelphia County, Pennsylvania",6425,626
1400000US42101034702,42101034702,"Census Tract 347.02, Philadelphia County, Pennsylvania",4060,337
1400000US42101034801,42101034801,"Census Tract 348.01, Philadelphia County, Pennsylvania",4268,417
1400000US42101034802,42101034802,"Census Tract 348.02, Philadelphia County, Pennsylvania",5387,744
1400000US42101034803,42101034803,"Census Tract 348.03, Philadelphia County, Pennsylvania",4543,355
1400000US42101034900,42101034900,"Census Tract 349, Philadelphia County, Pennsylvania",5702,502
1400000US42101035100,42101035100,"Census Tract 351, Philadelphia County, Pennsylvania",3550,398
1400000US42101035200,42101035200,"Census Tract 352, Philadelphia County, Pennsylvania",4251,417
1400000US42101035301,42101035301,"Census Tract 353.01, Philadelphia County, Pennsylvania",5377,392
1400000US42101035302,42101035302,"Census Tract 353.02, Philadelphia County, Pennsylvania",4446,343
1400000US42101035500,42101035500,"Census Tract 355, Philadelphia County, Pennsylvania",7544,471
1400000US42101035601,42101035601,"Census Tract 356.01, Philadelphia County, Pennsylvania",5170,352
1400000US42101035602,42101035602,"Census Tract 356.02, Philadelphia County, Pennsylvania",3425,269
1400000US42101035701,42101035701,"Census Tract 357.01, Philadelphia County, Pennsylvania",4585,433
1400000US42101035702,42101035702,"Census Tract 357.02, Philadelphia County, Pennsylvania",3763,433
1400000US42101035800,42101035800,"Census Tract 358, Philadelphia County, Pennsylvania",6142,422
1400000US42101035900,42101035900,"Census Tract 359, Philadelphia County, Pennsylvania",4982,392
1400000US42101036000,42101036000,"Census Tract 360, Philadelphia County, Pennsylvania",2922,325
1400000US42101036100,42101036100,"Census Tract 361, Philadelphia County, Pennsylvania",4164,365
1400000US42101036201,42101036201,"Census Tract 362.01, Philadelphia County, Pennsylvania",5006,422
1400000US42101036202,42101036202,"Census Tract 362.02, Philadelphia County, Pennsylvania",6256,489
1400000US42101036203,42101036203,"Census Tract 362.03, Philadelphia County, Pennsylvania",4790,437
1400000US42101036301,42101036301,"Census Tract 363.01, Philadelphia County, Pennsylvania",3840,354
1400000US42101036302,42101036302,"Census Tract 363.02, Philadelphia County, Pennsylvania",3374,454
1400000US42101036303,42101036303,"Census Tract 363.03, Philadelphia County, Pennsylvania",6005,399
1400000US42101036400,42101036400,"Census Tract 364, Philadelphia County, Pennsylvania",485,224
1400000US42101036501,42101036501,"Census Tract 365.01, Philadelphia County, Pennsylvania",5581,496
1400000US42101036502,42101036502,"Census Tract 365.02, Philadelphia County, Pennsylvania",3919,493
1400000US42101036600,42101036600,"Census Tract 366, Philadelphia County, Pennsylvania",1573,230
1400000US42101036700,42101036700,"Census Tract 367, Philadelphia County, Pennsylvania",2457,266
1400000US42101036900,42101036900,"Census Tract 369, Philadelphia County, Pennsylvania",5311,785
1400000US42101037200,42101037200,"Census Tract 372, Philadelphia County, Pennsylvania",4354,266
1400000US42101037300,42101037300,"Census Tract 373, Philadelphia County, Pennsylvania",5093,436
1400000US42101037500,42101037500,"Census Tract 375, Philadelphia County, Pennsylvania",4140,428
1400000US42101037600,42101037600,"Census Tract 376, Philadelphia County, Pennsylvania",2569,401
1400000US42101037700,42101037700,"Census Tract 377, Philadelphia County, Pennsylvania",5340,802
1400000US42101037800,42101037800,"Census Tract 378, Philadelphia County, Pennsylvania",2062,337
1400000US42101037900,42101037900,"Census Tract 379, Philadelphia County, Pennsylvania",5012,523
1400000US42101038000,42101038000,"Census Tract 380, Philadelphia County, Pennsylvania",2349,301
1400000US42101038100,42101038100,"Census Tract 381, Philadelphia County, Pennsylvania",965,172
1400000US42101038200,42101038200,"Census Tract 382, Philadelphia County, Pennsylvania",2313,309
1400000US42101038300,42101038300,"Census Tract 383, Philadelphia County, Pennsylvania",3747,499
1400000US42101038400,42101038400,"Census Tract 384, Philadelphia County, Pennsylvania",2490,217
1400000US42101038500,42101038500,"Census Tract 385, Philadelphia County, Pennsylvania",1870,149
1400000US42101038600,42101038600,"Census Tract 386, Philadelphia County, Pennsylvania",1370,133
1400000US42101038700,42101038700,"Census Tract 387, Philadelphia County, Pennsylvania",2320,236
1400000US42101038800,42101038800,"Census Tract 388, Philadelphia County, Pennsylvania",3546,243
1400000US42101038900,42101038900,"Census Tract 389, Philadelphia County, Pennsylvania",3208,456
1400000US42101039000,42101039000,"Census Tract 390, Philadelphia County, Pennsylvania",7420,750
1400000US42101980000,42101980000,"Census Tract 9800, Philadelphia County, Pennsylvania",1228,600
1400000US42101980100,42101980100,"Census Tract 9801, Philadelphia County, Pennsylvania",59,29
1400000US42101980200,42101980200,"Census Tract 9802, Philadelphia County, Pennsylvania",317,137
1400000US42101980300,42101980300,"Census Tract 9803, Philadelphia County, Pennsylvania",0,10
1400000US42101980400,42101980400,"Census Tract 9804, Philadelphia County, Pennsylvania",0,10
1400000US42101980500,42101980500,"Census Tract 9805, Philadelphia County, Pennsylvania",0,10
1400000US42101980600,42101980600,"Census Tract 9806, Philadelphia County, Pennsylvania",0,10
1400000US42101980700,42101980700,"Census Tract 9807, Philadelphia County, Pennsylvania",0,10
1400000US42101980800,42101980800,"Census Tract 9808, Philadelphia County, Pennsylvania",0,10
1400000US42101980900,42101980900,"Census Tract 9809, Philadelphia County, Pennsylvania",4,6
1400000US42101989100,42101989100,"Census Tract 9891, Philadelphia County, Pennsylvania",4508,586
